title,year,length,budget,rating,votes,genre,RatedR
'Til There Was You,1997,133,23,4.8,799,Comedy,Non_R_Rated
10 Things I Hate About You,1999,122,16,6.7,19095,Comedy,Non_R_Rated
100 Mile Rule,2002,140,1.1,5.6,181,Comedy,R_rated
13 Going On 30,2004,200,37,6.4,7859,Comedy,Non_R_Rated
"13th Warrior, The",1999,155,85,6.1,14344,Action,R_rated
15 Minutes,2001,123,42,6.1,10866,Drama,R_rated
1776,1972,145,4,7.3,1754,Drama,Non_R_Rated
2 Fast 2 Furious,2003,122,76,5.1,9556,Action,Non_R_Rated
20 Dates,1998,191,0.06,5.4,841,Comedy,R_rated
200 Cigarettes,1999,134,6,5.4,4514,Comedy,R_rated
2001: A Space Travesty,2000,123,26,2.5,2023,Comedy,R_rated
2046,2004,185,12,7.6,2663,Drama,R_rated
21 Grams,2003,125,20,8,21857,Drama,R_rated
"24 Hour Woman, The",1999,128,2.5,5.6,149,Comedy,R_rated
25th Hour,2002,182,15,7.8,15788,Drama,R_rated
28 Days,2000,122,43,6,7465,Drama,Non_R_Rated
3000 Miles to Graceland,2001,173,62,5.4,7298,Action,R_rated
40 Days and 40 Nights,2002,122,17,5.4,8609,Comedy,R_rated
50 First Dates,2004,126,75,6.8,13497,Comedy,Non_R_Rated
"51st State, The",2001,160,28,6.1,6752,Action,R_rated
54,1998,132,13,5.4,6905,Drama,R_rated
"6th Day, The",2000,140,82,5.9,12064,Action,Non_R_Rated
8 Mile,2002,129,41,6.8,17900,Drama,R_rated
AVP: Alien Vs. Predator,2004,148,45,5.4,14651,Action,Non_R_Rated
Abandon,2002,125,25,4.7,2364,Drama,Non_R_Rated
About Schmidt,2002,126,30,7.3,23279,Comedy,R_rated
About a Boy,2002,190,27,7.5,18318,Comedy,Non_R_Rated
Absolon,2003,121,8,4.1,548,Action,R_rated
Absolute Power,1997,138,50,6.4,7995,Drama,R_rated
"Abyss, The",1989,136,69.5,7.4,21987,Action,Non_R_Rated
Ace Ventura: Pet Detective,1994,123,12,6.2,20705,Comedy,Non_R_Rated
Ace Ventura: When Nature Calls,1995,133,30,4.9,15161,Comedy,Non_R_Rated
Adaptation.,2002,139,19,7.9,25140,Comedy,R_rated
"Adventures of Pluto Nash, The",2002,124,100,3.9,2543,Action,Non_R_Rated
"Adventures of Robin Hood, The",1938,132,1.9,8.2,7359,Action,Non_R_Rated
"Adventures of Rocky & Bullwinkle, The",2000,130,76,4.3,4815,Animation,Non_R_Rated
Affliction,1997,140,6,6.9,3679,Drama,R_rated
After the Sunset,2004,138,58,6,3431,Action,Non_R_Rated
Agent Cody Banks,2003,176,26,5.5,2655,Action,Non_R_Rated
Agent Cody Banks 2: Destination London,2004,236,26,3.8,919,Action,Non_R_Rated
Air Bud,1997,126,3,4.7,1276,Comedy,Non_R_Rated
Air Force One,1997,129,85,6.3,26156,Action,R_rated
Air Marshal,2003,139,0.5,3,81,Action,R_rated
"Alamo, The",2004,128,95,5.9,3060,Action,Non_R_Rated
"Alan Smithee Film: Burn Hollywood Burn, An",1997,142,10,3.2,1262,Comedy,R_rated
Albino Alligator,1996,128,5,6,2077,Drama,R_rated
Alexander,2004,125,150,5.5,11254,Drama,R_rated
Alferd Packer: The Musical,1996,141,0.125,7,2298,Comedy,R_rated
Alfie,2004,121,60,6,3492,Comedy,R_rated
Ali,2001,128,107,6.4,9294,Drama,R_rated
Alien: Resurrection,1997,124,70,6,24358,Action,R_rated
Aliens,1986,151,18.5,8.3,63961,Action,R_rated
All About the Benjamins,2002,161,14,5.4,1250,Action,R_rated
All the Pretty Horses,2000,133,45,5.6,3133,Drama,Non_R_Rated
All the Queen's Men,2001,123,25,5,353,Action,Non_R_Rated
All the Real Girls,2003,131,1,6.8,1745,Drama,R_rated
Almost Famous,2000,131,60,8,38648,Comedy,R_rated
Alone in the Dark,2005,133,20,2.1,2880,Action,R_rated
Along Came Polly,2004,121,42,5.8,9785,Comedy,Non_R_Rated
Along Came a Spider,2001,154,28,6.1,9456,Drama,R_rated
Amadeus,1984,155,18,8.3,36955,Drama,R_rated
America's Sweethearts,2001,155,48,5.8,11849,Comedy,Non_R_Rated
American Beauty,1999,146,15,8.5,109991,Drama,R_rated
American History X,1998,134,10,8.4,59677,Drama,R_rated
American Outlaws,2001,124,35,5.5,2878,Action,Non_R_Rated
American Pie,1999,140,11,6.8,41126,Comedy,R_rated
American Pie 2,2001,146,30,6.3,22752,Comedy,R_rated
"American President, The",1995,136,62,6.9,11834,Comedy,Non_R_Rated
American Psycho,2000,143,8,6.8,21639,Drama,R_rated
American Wedding,2003,144,55,6.3,13590,Comedy,R_rated
"American Werewolf in Paris, An",1997,152,22,5,4302,Comedy,R_rated
Amistad,1997,138,40,7,10543,Drama,R_rated
Amores perros,2000,136,2,8.2,15079,Drama,R_rated
Analyze This,1999,122,30,6.6,24521,Comedy,R_rated
Anchorman: The Legend of Ron Burgundy,2004,123,26,6.5,11553,Comedy,Non_R_Rated
Angel Eyes,2001,125,38,5.6,4829,Drama,R_rated
Anger Management,2003,124,75,6,14280,Comedy,Non_R_Rated
"Animal, The",2001,138,22,4.8,5605,Comedy,R_rated
"Animatrix: Final Flight of the Osiris, The",2003,129,5,7.6,1536,Action,Non_R_Rated
Anna and the King,1999,142,75,6.6,6739,Drama,Non_R_Rated
Antitrust,2001,139,30,6,7326,Drama,Non_R_Rated
Antwone Fisher,2002,125,12.5,7.4,4472,Drama,Non_R_Rated
Antz,1998,126,60,7,16312,Animation,Non_R_Rated
Any Given Sunday,1999,164,62,6.4,19531,Drama,R_rated
Anything Else,2003,131,18,6.5,3678,Comedy,R_rated
Anywhere But Here,1999,136,23,5.9,4007,Drama,Non_R_Rated
Apocalypse Now,1979,153,31.5,8.5,64785,Action,R_rated
Apollo 13,1995,151,62,7.5,41098,Drama,Non_R_Rated
"Apostle, The",1997,220,5,7.2,4231,Drama,Non_R_Rated
Apt Pupil,1998,150,14,6.4,6728,Drama,R_rated
Are We There Yet?,2005,124,32,3.5,1043,Comedy,Non_R_Rated
Arlington Road,1999,133,21.5,7.1,17189,Drama,R_rated
Armageddon,1998,125,140,5.7,45330,Action,Non_R_Rated
Army of Darkness,1993,124,11,7.4,22118,Action,R_rated
Around the World in 80 Days,2004,137,110,5.7,3887,Action,Non_R_Rated
Artificial Intelligence: AI,2001,138,90,6.8,36623,Drama,Non_R_Rated
As Good as It Gets,1997,132,50,7.7,47441,Comedy,Non_R_Rated
Assassins,1995,147,50,5.7,7354,Action,R_rated
Assault on Precinct 13,2005,123,20,6.3,2960,Action,R_rated
At First Sight,1999,141,40,5.7,3441,Drama,Non_R_Rated
Atlantis: The Lost Empire,2001,141,90,6.4,6323,Action,Non_R_Rated
Austin Powers in Goldmember,2002,122,63,6.2,22870,Action,Non_R_Rated
Austin Powers: International Man of Mystery,1997,151,17,7,33755,Action,Non_R_Rated
Austin Powers: The Spy Who Shagged Me,1999,135,33,6.5,37019,Action,Non_R_Rated
Auto Focus,2002,133,7,6.7,3276,Drama,R_rated
Autumn in New York,2000,135,40,4.7,3731,Drama,Non_R_Rated
Avalon,2001,141,8,6.8,2723,Animation,R_rated
"Avengers, The",1998,123,60,3.4,11499,Action,Non_R_Rated
"Aviator, The",2004,121,116,7.5,16217,Drama,Non_R_Rated
"Awfully Big Adventure, An",1995,154,4,5.8,608,Drama,R_rated
Baby Boy,2001,121,16,6.2,1476,Drama,R_rated
Baby Geniuses,1999,121,13,2.4,3142,Comedy,Non_R_Rated
"Bachelor, The",1999,134,21,5,4183,Comedy,Non_R_Rated
Bad Boys,1995,142,23,6.4,15326,Action,R_rated
Bad Boys II,2003,126,130,6.1,13087,Action,R_rated
Bad Company,2002,127,70,5.4,6175,Action,Non_R_Rated
Bad Moon,1996,125,7,4.4,519,Action,R_rated
Bad Santa,2003,126,18,7.2,11189,Comedy,R_rated
"Badge, The",2002,174,6,6.3,740,Action,R_rated
Bait,2000,154,35,5.6,1884,Action,R_rated
"Ballad of Jack and Rose, The",2005,157,1.5,6.2,269,Drama,R_rated
Ballistic: Ecks vs. Sever,2002,122,70,3.4,4556,Action,R_rated
Bamboozled,2000,143,10,6.3,2356,Comedy,R_rated
Bananas,1971,137,2,7.1,4252,Comedy,Non_R_Rated
Bandits,2001,128,80,6.7,12382,Comedy,Non_R_Rated
"Banger Sisters, The",2002,122,10,5.6,3189,Comedy,R_rated
Baptists at Our Barbecue,2004,126,0.5,5.9,62,Comedy,Non_R_Rated
Barbershop,2002,129,12,6.6,4943,Comedy,Non_R_Rated
Barbershop 2: Back in Business,2004,124,18,5.7,1580,Comedy,Non_R_Rated
Basic,2003,123,50,6.2,8370,Drama,R_rated
Basil,1998,229,10,6.1,367,Drama,R_rated
"Basket, The",1999,150,3,6.3,200,Drama,Non_R_Rated
Batman & Robin,1997,150,110,3.6,28457,Action,Non_R_Rated
Batman Forever,1995,146,100,5.4,24025,Action,Non_R_Rated
"Battle of Shaker Heights, The",2003,157,1,6,854,Comedy,Non_R_Rated
Battlefield Earth: A Saga of the Year 3000,2000,136,73,2.4,14970,Action,Non_R_Rated
Be Cool,2005,123,53,5.5,4560,Comedy,Non_R_Rated
"Beach, The",2000,127,50,5.8,15020,Drama,R_rated
Bean,1997,121,22,5.4,9018,Comedy,Non_R_Rated
Beautiful,2000,157,9,5.3,991,Comedy,Non_R_Rated
"Beautiful Country, The",2004,130,6,6.9,115,Drama,R_rated
"Beautiful Mind, A",2001,135,60,7.8,43291,Drama,Non_R_Rated
Beavis and Butt-Head Do America,1996,122,12,6.2,9491,Animation,Non_R_Rated
Because of Winn-Dixie,2005,121,14,5.9,483,Comedy,Non_R_Rated
Bedazzled,2000,130,48,5.9,11439,Comedy,Non_R_Rated
Before Sunset,2004,137,10,8.3,8789,Drama,R_rated
Behind Enemy Lines,2001,136,40,6.1,10856,Action,Non_R_Rated
Being Julia,2004,134,18,7.2,1671,Comedy,R_rated
Belly,1998,128,10,4.5,1034,Drama,R_rated
Belly of the Beast,2003,144,18,4.2,638,Action,R_rated
Beloved,1998,124,53,5.6,1934,Drama,R_rated
Beowulf,1999,151,20,3.7,2058,Action,R_rated
Best Laid Plans,1999,152,7,6.3,1795,Drama,R_rated
Best in Show,2000,132,6,7.5,11790,Comedy,Non_R_Rated
Better Luck Tomorrow,2002,132,0.25,7.3,2697,Drama,R_rated
Beyond Borders,2003,122,35,5.4,1905,Drama,R_rated
Beyond Rangoon,1995,173,23,6.4,1285,Drama,R_rated
Beyond Re-Animator,2003,130,3,6.1,908,Comedy,R_rated
Beyond the Mat,1999,122,0.5,7.3,2243,Documentary,R_rated
Beyond the Sea,2004,148,24,6.7,1051,Drama,Non_R_Rated
Bicentennial Man,1999,132,100,6.2,8925,Drama,Non_R_Rated
"Big Bounce, The",2004,226,50,4.7,2505,Comedy,Non_R_Rated
"Big Brass Ring, The",1999,126,7,5.4,271,Drama,R_rated
Big Bully,1996,127,15,4.2,781,Comedy,Non_R_Rated
Big Daddy,1999,136,34.2,5.9,18258,Comedy,Non_R_Rated
Big Fat Liar,2002,125,15,5.5,2453,Comedy,Non_R_Rated
Big Fish,2003,138,70,8.1,31525,Comedy,Non_R_Rated
"Big Hit, The",1998,124,13,5.7,6206,Action,R_rated
"Big Lebowski, The",1998,138,15,8,50179,Comedy,R_rated
Big Momma's House,2000,135,30,4.7,7509,Comedy,Non_R_Rated
"Big Tease, The",1999,136,4,6.1,670,Comedy,R_rated
Big Trouble,2002,143,40,6.4,4088,Comedy,Non_R_Rated
Bigger Than the Sky,2005,148,0.75,7.3,32,Comedy,Non_R_Rated
Billy Elliot,2000,124,5,7.7,16725,Drama,R_rated
Birth,2004,131,20,6,2600,Drama,R_rated
Birthday Girl,2001,156,13,6.1,5340,Comedy,R_rated
Black Hawk Down,2001,124,90,7.6,32530,Action,R_rated
Black Knight,2001,126,50,4.1,3822,Comedy,Non_R_Rated
Black and White,1999,165,10,5.2,1699,Drama,R_rated
Blade,1998,138,45,6.8,24372,Action,R_rated
Blade II,2002,127,55,6.6,17139,Action,R_rated
Blade: Trinity,2004,152,65,5.7,7439,Action,R_rated
Blast from the Past,1999,124,35,6.4,9483,Comedy,Non_R_Rated
Blind Horizon,2003,151,5.1,5.5,801,Drama,R_rated
Blood Work,2002,129,50,6.3,5965,Drama,R_rated
Blood and Wine,1996,174,26,6,2134,Drama,R_rated
"Blood, Guts, Bullets and Octane",1998,127,0.0073,5.3,285,Action,R_rated
Bloody Sunday,2002,121,5,7.6,2388,Drama,R_rated
Blow,2001,150,30,7.1,18670,Drama,R_rated
Blue Crush,2002,146,30,5.7,4791,Drama,Non_R_Rated
Blue Hill Avenue,2001,140,1.2,6.6,85,Drama,R_rated
Blues Brothers 2000,1998,243,28,4.5,5267,Comedy,Non_R_Rated
Boat Trip,2002,131,20,4.5,2991,Comedy,R_rated
Bogus,1996,126,32,5,1007,Comedy,Non_R_Rated
Boiler Room,2000,122,9,6.8,8586,Drama,R_rated
Bon voyage,2003,127,20,7.2,1061,Comedy,Non_R_Rated
"Bone Collector, The",1999,144,48,6.2,17766,Drama,R_rated
Boogeyman,2005,125,20,4.1,2055,Drama,Non_R_Rated
Boogie Nights,1997,132,15,7.6,27380,Drama,R_rated
"Boot, Das",1981,166,14,8.5,28920,Drama,R_rated
"Borrowers, The",1997,122,29,5.6,1457,Comedy,Non_R_Rated
Bounce,2000,122,35,5.8,5390,Drama,Non_R_Rated
Bound,1996,158,4.5,7.5,11911,Romance,R_rated
"Bourne Identity, The",2002,145,75,7.3,29871,Action,Non_R_Rated
"Bourne Supremacy, The",2004,128,75,7.3,19878,Action,Non_R_Rated
Bowfinger,1999,137,55,6.4,15000,Comedy,Non_R_Rated
Bowling for Columbine,2002,145,4,8.5,36747,Comedy,R_rated
Boys Don't Cry,1999,142,2,7.6,14456,Drama,R_rated
Boys and Girls,2000,165,16,4.9,3483,Comedy,Non_R_Rated
"Brady Bunch Movie, The",1995,130,12,5.6,4636,Comedy,Non_R_Rated
Braveheart,1995,143,53,8.3,92437,Action,R_rated
"Bread, My Sweet, The",2001,137,0.6,6.8,257,Drama,Non_R_Rated
Break Up,1998,123,9,5.1,393,Drama,R_rated
Breakdown,1997,132,36,6.7,7099,Action,R_rated
Breakfast of Champions,1999,122,12,4.2,2250,Comedy,R_rated
Breathing Room,1996,125,0.5,4,39,Comedy,R_rated
"Breed, The",2001,131,4,4.7,582,Action,R_rated
Bride & Prejudice,2004,132,7,6.3,1503,Comedy,Non_R_Rated
Bride of Chucky,1998,150,25,5.2,4449,Comedy,R_rated
Bride of the Wind,2001,126,12,5.2,201,Drama,R_rated
Bridge of Dragons,1999,144,4,3.7,373,Action,R_rated
"Bridges of Madison County, The",1995,124,22,6.9,7633,Drama,Non_R_Rated
Bridget Jones's Diary,2001,148,26,7,24791,Comedy,R_rated
Bridget Jones: The Edge of Reason,2004,121,70,5.7,6636,Comedy,R_rated
Brigham City,2001,157,1,7.1,405,Drama,Non_R_Rated
Bring It On,2000,159,10,6.1,11784,Comedy,Non_R_Rated
Bringing Down the House,2003,134,35,5.6,6501,Comedy,Non_R_Rated
Bringing Out the Dead,1999,128,32,6.7,13989,Drama,R_rated
Broken Arrow,1996,135,65,5.7,14415,Action,R_rated
Broken Vessels,1998,123,0.6,6.1,223,Drama,R_rated
Brooklyn Bound,2004,126,0.07,4.2,30,Drama,R_rated
"Brother from Another Planet, The",1984,136,0.3,6.7,1133,Comedy,R_rated
"Brothers McMullen, The",1995,122,0.0238,6.4,2325,Comedy,R_rated
Brown Sugar,2002,147,8,5.9,941,Comedy,Non_R_Rated
Bruce Almighty,2003,135,81,6.4,23905,Comedy,Non_R_Rated
Bruno,2000,136,10,6,295,Comedy,Non_R_Rated
"Brylcreem Boys, The",1998,143,6,6,199,Drama,Non_R_Rated
Bubba Ho-tep,2002,126,1,7.5,7142,Comedy,R_rated
Bubble Boy,2001,125,13,5.1,2904,Comedy,Non_R_Rated
Buffalo '66,1998,147,1.5,7.2,6652,Comedy,R_rated
Buffalo Soldiers,2001,133,15,7,3753,Comedy,R_rated
Bug Buster,1998,131,8.5,2.9,268,Action,Non_R_Rated
Bulletproof Monk,2003,143,52,5.2,5405,Action,Non_R_Rated
But I'm a Cheerleader,1999,144,1.2,6.2,3897,Comedy,R_rated
"Butterfly Effect, The",2004,204,13,7.6,22975,Drama,R_rated
C'era una volta il West,1968,133,5,8.7,17241,Drama,Non_R_Rated
CQ,2001,150,7,6.4,1315,Comedy,R_rated
"Cable Guy, The",1996,163,47,5.5,16266,Comedy,Non_R_Rated
Cafe Society,1995,143,3.5,5.7,137,Drama,R_rated
Can't Be Heaven,2000,170,2,5.7,104,Comedy,Non_R_Rated
Can't Hardly Wait,1998,139,10,6.2,8191,Comedy,Non_R_Rated
Cape Fear,1991,144,35,7.1,15585,Drama,R_rated
Captain Corelli's Mandolin,2001,143,57,5.9,5281,Drama,R_rated
Carandiru,2003,152,6,7.7,1608,Drama,R_rated
Carpool,1996,123,17,4.5,829,Comedy,Non_R_Rated
Casino,1995,163,52,7.8,27234,Drama,R_rated
Casper,1995,121,55,5.6,8798,Comedy,Non_R_Rated
Cast Away,2000,121,90,7.3,34580,Drama,Non_R_Rated
"Cat in the Hat, The",2003,144,109,3.2,4997,Comedy,Non_R_Rated
Catch Me If You Can,2002,133,52,7.6,39915,Drama,Non_R_Rated
Catch That Kid,2004,122,18,4.5,598,Action,Non_R_Rated
Cats & Dogs,2001,135,60,5.4,6487,Comedy,Non_R_Rated
Catwoman,2004,152,85,3.4,8815,Action,Non_R_Rated
Cecil B. DeMented,2000,135,10,6,3464,Comedy,R_rated
Celebrity,1998,132,12,6.1,4820,Comedy,R_rated
Cellular,2004,137,25,6.4,6182,Action,Non_R_Rated
Chain Reaction,1996,125,55,5.1,5936,Action,Non_R_Rated
Chain of Fools,2000,156,20,6.1,845,Comedy,R_rated
Chairman of the Board,1998,140,10,2.6,666,Comedy,Non_R_Rated
"Chamber, The",1996,135,50,5.7,2540,Drama,R_rated
Changing Habits,1997,148,1.2,5.5,134,Comedy,R_rated
Changing Lanes,2002,137,45,6.6,12779,Drama,R_rated
Charlie,2004,127,5,5,141,Drama,R_rated
Charlie's Angels,2000,213,92,5.8,25705,Action,Non_R_Rated
Charlie's Angels: Full Throttle,2003,143,120,5,13990,Action,Non_R_Rated
Charlotte Sometimes,2002,132,0.08,4.6,555,Drama,R_rated
Charly,2002,190,0.95,5.5,149,Comedy,Non_R_Rated
Chasing Amy,1997,140,0.25,7.6,32141,Comedy,R_rated
Chasing Liberty,2004,156,23,5.7,1911,Comedy,Non_R_Rated
Cheaper by the Dozen,2003,124,40,5.8,5977,Comedy,Non_R_Rated
Cherish,2002,121,1.5,6.5,743,Comedy,R_rated
Cherry Falls,2000,142,14,4.9,2165,Comedy,R_rated
Chicago,2002,133,45,7.5,34933,Comedy,Non_R_Rated
Children On Their Birthdays,2002,134,10,6,163,Drama,Non_R_Rated
Chill Factor,1999,130,34,5,2542,Action,R_rated
Chopin. Pragnienie milosci,2002,162,3.5,4,55,Drama,R_rated
Christmas with the Kranks,2004,131,60,4.5,1520,Comedy,Non_R_Rated
"Chronicles of Riddick, The",2004,128,110,6.2,11438,Action,Non_R_Rated
Chuck&Buck,2000,136,0.25,6.6,1919,Comedy,R_rated
Ciao America,2002,133,5,4.8,27,Comedy,R_rated
Cidade de Deus,2002,126,3.3,8.7,25964,Drama,R_rated
"Cider House Rules, The",1999,167,24,7.5,18950,Drama,Non_R_Rated
"Cinderella Story, A",2004,140,20,4.9,2755,Comedy,Non_R_Rated
City Hall,1996,122,40,6.1,4381,Drama,R_rated
City by the Sea,2002,126,60,6.3,4886,Drama,R_rated
City of Angels,1998,150,55,6.2,15333,Drama,Non_R_Rated
"Civil Action, A",1998,128,60,6.4,6847,Drama,Non_R_Rated
Civil Brand,2002,136,0.5,4.1,102,Drama,R_rated
Claudine's Return,1998,125,2,3.8,80,Drama,R_rated
Claustrophobia,2003,147,0.114,4.2,90,Comedy,R_rated
Clay Pigeons,1998,130,8,6.4,2658,Comedy,R_rated
Clerks.,1994,126,0.23,7.9,39927,Comedy,R_rated
"Climb, The",2002,136,2.5,5.2,83,Action,Non_R_Rated
Clockers,1995,145,25,6.8,3099,Drama,R_rated
Club Dread,2004,153,9,5.2,3432,Comedy,R_rated
Clueless,1995,149,20,6.7,16521,Comedy,Non_R_Rated
Coach Carter,2005,149,30,6.6,1636,Drama,Non_R_Rated
"Cockettes, The",2002,121,0.3,6.6,177,Documentary,R_rated
Code 46,2003,140,7.5,6.4,2094,Drama,R_rated
Cold Mountain,2003,144,83,7.4,15712,Drama,R_rated
Collateral,2004,123,65,7.7,24499,Drama,R_rated
Collateral Damage,2002,162,85,5.2,8590,Action,R_rated
Commandments,1997,161,5,5.4,468,Comedy,R_rated
Committed,2000,171,3,5.2,739,Comedy,R_rated
Company Man,2000,121,16,4.8,492,Comedy,Non_R_Rated
"Company, The",2003,160,15,6.2,1505,Drama,Non_R_Rated
"Comunidad, La",2000,159,2,7.2,1270,Comedy,R_rated
"Confession, The",1999,124,4,5.8,519,Drama,R_rated
Confessions of a Dangerous Mind,2002,124,29,7.1,11487,Drama,R_rated
Confessions of a Teenage Drama Queen,2004,129,15,4.4,2205,Comedy,Non_R_Rated
Confidence,2003,128,15,6.8,6168,Drama,R_rated
Congo,1995,134,50,4.4,8058,Action,Non_R_Rated
Conspiracy Theory,1997,123,75,6.4,15470,Drama,R_rated
Contact,1997,145,90,7.3,36390,Drama,Non_R_Rated
"Contender, The",2000,151,9,6.9,7023,Drama,R_rated
Cop Land,1997,133,15,6.7,12677,Drama,R_rated
Copycat,1995,145,20,6.5,7804,Drama,R_rated
"Core, The",2003,144,74,5.4,7860,Action,Non_R_Rated
Corky Romano,2001,126,11,4.6,2463,Comedy,Non_R_Rated
Coronado,2003,126,4.7,4.5,411,Action,Non_R_Rated
Cotton Mary,1999,152,3.5,5.3,164,Drama,R_rated
"Count of Monte Cristo, The",2002,145,35,7.4,13907,Action,Non_R_Rated
Country of My Skull,2004,128,12,5.1,194,Drama,R_rated
Courage Under Fire,1996,160,46,6.7,8884,Action,R_rated
Coyote Ugly,2000,126,45,5.4,13221,Comedy,R_rated
Cradle 2 the Grave,2003,124,25,5.3,4164,Action,R_rated
Cradle Will Rock,1999,122,32,6.7,3375,Drama,R_rated
"Craft, The",1996,121,15,5.9,9187,Comedy,R_rated
Crash,2004,196,6.5,8.3,1660,Drama,R_rated
Crazy in Alabama,1999,163,15,6.1,2086,Comedy,Non_R_Rated
Crazy/Beautiful,2001,123,14,6.5,4503,Drama,Non_R_Rated
"Crew, The",2000,137,23,5.3,1297,Comedy,Non_R_Rated
Crime Spree,2003,123,10,6.3,953,Comedy,R_rated
"Crimen del padre Amaro, El",2002,127,1.8,7,2469,Drama,R_rated
Crimson Tide,1995,138,53,7.1,14033,Action,R_rated
Critical Care,1997,137,12,5.8,397,Comedy,R_rated
Crocodile Dundee in Los Angeles,2001,131,25,4.7,2698,Comedy,Non_R_Rated
"Crocodile Hunter: Collision Course, The",2002,122,13,5.3,1648,Comedy,Non_R_Rated
Crossroads,2002,148,12,3.1,8546,Comedy,Non_R_Rated
"Crow: City of Angels, The",1996,123,13,3.8,3656,Action,R_rated
"Crow: Salvation, The",2000,141,25,4.9,1383,Action,R_rated
Cruel Intentions,1999,124,11,6.5,25634,Drama,R_rated
Curdled,1996,153,2.309723,5.5,959,Comedy,R_rated
"Curse of the Jade Scorpion, The",2001,135,26,6.8,5846,Comedy,Non_R_Rated
Cutaway,2000,131,9,5.1,390,Action,R_rated
Cutthroat Island,1995,139,92,5.1,3942,Action,Non_R_Rated
Cypher,2002,152,7.5,7.2,3160,Action,R_rated
D-Tox,2002,188,55,4.7,2742,Drama,R_rated
D.E.B.S.,2004,146,3.5,6,300,Action,Non_R_Rated
Daddy Day Care,2003,138,60,5.7,3803,Comedy,Non_R_Rated
Daddy and Them,2001,138,4,5,364,Comedy,R_rated
Dancing in September,2000,136,0.85,6.4,166,Drama,R_rated
"Dangerous Lives of Altar Boys, The",2002,126,12,7.2,3274,Drama,R_rated
Dante's Peak,1997,132,104,5.6,9203,Action,Non_R_Rated
Daredevil,2003,122,75,5.7,20642,Action,R_rated
Dark Blue,2002,123,15,6.6,3882,Action,R_rated
Dawn of the Dead,2004,147,28,7.4,16283,Action,R_rated
"Day After Tomorrow, The",2004,130,125,6.3,23749,Action,Non_R_Rated
"Day Without a Mexican, A",2004,121,1.5,5,561,Comedy,R_rated
Day of Defense,2003,139,0.5,3,8,Drama,Non_R_Rated
Daylight,1996,132,80,5.4,6979,Action,Non_R_Rated
Dead Babies,2000,212,1,4.3,172,Comedy,R_rated
"Dead Hate the Living!, The",2000,125,0.15,4.3,496,Comedy,R_rated
Dead Man Walking,1995,227,11,7.6,16177,Drama,R_rated
Dead Man on Campus,1998,127,14,5.4,2829,Comedy,R_rated
Dead Man's Curve,1998,127,1,5.7,1241,Comedy,R_rated
Dead Presidents,1995,123,15,6.3,2641,Action,R_rated
Death to Smoochy,2002,150,55,6.3,8003,Comedy,R_rated
Deconstructing Harry,1997,121,20,7.1,7342,Comedy,R_rated
Decoys,2004,123,5,4.2,580,Comedy,R_rated
Deep Blue Sea,1999,124,78,5.5,17666,Action,R_rated
"Deep End of the Ocean, The",1999,135,40,5.9,2890,Drama,Non_R_Rated
"Deep End, The",2001,121,3,6.8,3524,Drama,R_rated
Deep Impact,1998,133,75,5.9,22684,Drama,Non_R_Rated
Deep Rising,1998,202,45,5.4,4626,Action,R_rated
"Defender, The",2004,195,6,6.3,58,Action,R_rated
Delivered,1998,124,1,5.1,73,Comedy,R_rated
Dellamorte Dellamore,1994,127,4,7.3,2313,Comedy,R_rated
"Demolitionist, The",1995,136,1,4.1,238,Action,R_rated
Derailed,2002,136,18,3.4,1075,Action,R_rated
Desperado,1995,123,7,6.8,17929,Action,R_rated
Destino,2003,142,1.5,7.8,156,Animation,Non_R_Rated
Detention,2003,131,10,4.1,223,Action,R_rated
Detroit Rock City,1999,147,15,6,4607,Comedy,R_rated
Deuce Bigalow: Male Gigolo,1999,127,18,5.6,9897,Comedy,R_rated
Deuces Wild,2002,130,10,5.3,1511,Action,R_rated
"Devil's Advocate, The",1997,121,57,7,26904,Drama,R_rated
"Devil's Own, The",1997,121,80,5.7,8485,Action,R_rated
Devil's Pond,2003,125,5,5.6,370,Drama,R_rated
Diary of a Mad Black Woman,2005,133,5.5,3.9,837,Comedy,Non_R_Rated
Dick,1999,129,13,6.3,5004,Comedy,Non_R_Rated
Dickie Roberts: Former Child Star,2003,129,17,5.5,2076,Comedy,Non_R_Rated
Die Another Day,2002,145,142,6.4,22136,Action,Non_R_Rated
Die Hard: With a Vengeance,1995,125,90,7,25258,Action,R_rated
"Different Loyalty, A",2004,140,13,5,135,Drama,R_rated
Digimon: The Movie,2000,128,5,3.4,455,Action,Non_R_Rated
Dill Scallion,1999,154,0.5,5.1,136,Comedy,Non_R_Rated
Dinosaur,2000,134,127.5,6.3,5839,Animation,Non_R_Rated
Diplomatic Siege,1999,194,45,3.5,340,Action,R_rated
Dirty Pretty Things,2002,135,10,7.6,6274,Drama,R_rated
Dirty Work,1998,131,13,5.9,4252,Comedy,Non_R_Rated
Divine Secrets of the Ya-Ya Sisterhood,2002,125,27,5.5,4288,Comedy,Non_R_Rated
Doctor Dolittle,1998,132,71.5,5.4,8287,Comedy,Non_R_Rated
Doctor Zhivago,1965,132,11,7.9,10283,Drama,Non_R_Rated
Dodgeball: A True Underdog Story,2004,136,20,6.6,14584,Comedy,Non_R_Rated
"Dog of Flanders, A",1999,125,7,6,179,Drama,Non_R_Rated
Dogma,1999,124,10,7.3,43391,Comedy,R_rated
Dom durakov,2002,140,2.5,6.8,382,Drama,R_rated
Domestic Disturbance,2001,127,53,5.4,4445,Drama,Non_R_Rated
Dominion,1995,208,1.3,5,85,Drama,R_rated
Don't Say a Word,2001,176,50,6.2,10098,Drama,R_rated
Donnie Brasco,1997,130,35,7.6,20029,Drama,R_rated
Donnie Darko,2001,121,4.5,8.3,51961,Drama,R_rated
Double Jeopardy,1999,102,40,5.9,13587,Drama,R_rated
Double Take,2001,112,24,4.8,1503,Action,Non_R_Rated
Double Tap,1997,135,8,5.3,184,Action,R_rated
Double Whammy,2001,112,4,5.6,886,Comedy,R_rated
Down Time,2001,110,0.02,3.5,55,Drama,R_rated
Down and Out with the Dolls,2001,116,1.2,6,37,Comedy,R_rated
Down to Earth,2001,107,30,5.1,3720,Comedy,Non_R_Rated
Down to You,2000,108,9,4.7,3232,Comedy,Non_R_Rated
Dr T and the Women,2000,178,12,4.8,4776,Comedy,R_rated
Dr. Dolittle 2,2001,108,72,5.1,4920,Comedy,Non_R_Rated
Dr. Jekyll and Ms. Hyde,1995,135,8,4.2,573,Comedy,Non_R_Rated
Dr. Strangelove or: How I Learned to Stop Worrying and Love the Bomb,1964,107,1.8,8.7,63471,Comedy,Non_R_Rated
Dracula,1992,114,40,7.1,19972,Drama,R_rated
Dragonfly,2002,133,60,5.8,5431,Drama,Non_R_Rated
Drive,1997,104,3.5,6.4,1086,Action,R_rated
Drive Me Crazy,1999,125,8,5.1,2934,Comedy,Non_R_Rated
Driven,2001,100,72,4.4,7129,Action,Non_R_Rated
Drowning Mona,2000,128,16,5.4,3454,Comedy,Non_R_Rated
Drumline,2002,144,20,5.3,7368,Comedy,Non_R_Rated
"Dude, Where's My Car?",2000,144,13,4.6,13330,Comedy,Non_R_Rated
Dudley Do-Right,1999,117,22,3.6,1790,Comedy,Non_R_Rated
Duets,2000,128,15,5.8,2414,Comedy,R_rated
Dumb & Dumber,1994,163,16,6.6,27713,Comedy,Non_R_Rated
Dumb and Dumberer: When Harry Met Lloyd,2003,129,19,3.3,4689,Comedy,Non_R_Rated
Dungeons & Dragons,2000,115,35,4,7435,Action,Non_R_Rated
Duplex,2003,139,40,5.7,4334,Comedy,Non_R_Rated
Dusting Cliff 7,1996,121,1.3,3.5,80,Action,R_rated
DysFunktional Family,2003,108,3,5.6,207,Comedy,R_rated
E.T. the Extra-Terrestrial,1982,119,10.5,7.8,44175,Drama,Non_R_Rated
Ed Wood,1994,132,18,8,22612,Comedy,R_rated
Eddie,1996,128,30,4.9,1348,Comedy,Non_R_Rated
Edges of the Lord,2001,107,7.5,7,639,Drama,R_rated
Edtv,1999,134,60,6.2,10085,Comedy,Non_R_Rated
Eight Legged Freaks,2002,141,30,5.5,6362,Action,Non_R_Rated
"Eighteenth Angel, The",1998,135,25,4.6,557,Action,R_rated
Election,1999,152,8.5,7.4,17521,Comedy,R_rated
Elektra,2005,114,43,4.9,5120,Action,Non_R_Rated
Elephant,2003,108,3,7.3,9203,Drama,R_rated
Elf,2003,125,33,7,10165,Comedy,Non_R_Rated
Elizabeth,1998,119,25,7.6,14733,Drama,R_rated
Ella Enchanted,2004,131,35,6.5,2502,Comedy,Non_R_Rated
Elvira's Haunted Hills,2001,130,1.5,5.2,307,Comedy,Non_R_Rated
Emma,1996,136,6,6.9,6431,Comedy,Non_R_Rated
Emmett's Mark,2002,113,4.5,6.2,427,Drama,R_rated
"Emperor's Club, The",2002,147,12.5,6.7,3056,Drama,Non_R_Rated
Empire,2002,108,3.5,6,1718,Action,R_rated
End of Days,1999,112,83,5.3,18237,Action,R_rated
"End of Violence, The",1997,116,5,5.4,1575,Drama,R_rated
"End of the Affair, The",1999,113,23,7,4808,Drama,R_rated
Enemy at the Gates,2001,108,70,7.3,19169,Action,R_rated
Enemy of the State,1998,103,90,7.1,23263,Action,R_rated
"English Patient, The",1996,104,27,7.1,25210,Drama,R_rated
Enough,2002,128,38,4.9,4339,Drama,Non_R_Rated
Enter the Dragon,1973,106,0.85,7.4,8078,Action,R_rated
Entrapment,1999,98,66,6.1,18543,Comedy,Non_R_Rated
Envy,2004,110,40,4.3,3417,Comedy,Non_R_Rated
Equilibrium,2002,140,20,7.6,17579,Action,R_rated
"Era of Vampire, The",2002,156,1,4.2,329,Action,R_rated
Eraser,1996,114,100,5.8,14641,Action,R_rated
Erin Brockovich,2000,107,51,7.3,24301,Drama,R_rated
Escanaba in da Moonlight,2001,156,1,5.5,373,Comedy,Non_R_Rated
Escape from L.A.,1996,110,50,4.8,7955,Action,R_rated
"Espinazo del diablo, El",2001,115,4.5,7.4,3474,Drama,R_rated
Eternal Sunshine of the Spotless Mind,2004,119,20,8.6,46240,Comedy,R_rated
Eulogy,2004,113,10,6.5,773,Comedy,R_rated
EuroTrip,2004,107,25,6.1,8390,Comedy,R_rated
Eve's Bayou,1997,142,5,7.2,2302,Drama,R_rated
Evelyn,2002,126,10,7.1,1163,Drama,Non_R_Rated
EvenHand,2002,133,0.5,7.3,169,Drama,R_rated
Ever After,1998,119,26,7,10250,Comedy,Non_R_Rated
"Everlasting Piece, An",2000,115,14,6.1,475,Comedy,R_rated
Everyone Says I Love You,1996,120,20,6.9,7314,Comedy,R_rated
Everything Put Together,2000,116,0.5,7.1,151,Drama,R_rated
Evil Alien Conquerors,2002,123,0.5,3.8,111,Comedy,Non_R_Rated
Evita,1996,107,55,6.2,8371,Drama,Non_R_Rated
Evolution,2001,128,80,5.8,14232,Comedy,Non_R_Rated
Exit Wounds,2001,143,33,5.3,5370,Action,R_rated
Exorcist: The Beginning,2004,133,30,5,4130,Action,R_rated
Extreme Ops,2002,109,40,4,1337,Action,Non_R_Rated
Eye for an Eye,1996,114,20,5.6,1843,Drama,R_rated
Eyes Wide Shut,1999,129,65,7,37868,Drama,R_rated
Facade,2000,122,6,4.8,93,Action,R_rated
Face/Off,1997,106,80,7.1,37506,Action,R_rated
Fahrenheit 9/11,2004,112,6,7.9,34666,Documentary,R_rated
Fair Game,1995,109,50,3.9,2579,Action,R_rated
Faithful,1996,112,13,5.6,414,Comedy,R_rated
"Falls, The",2003,114,0.075,5.7,29,Drama,R_rated
"Family Man, The",2000,118,60,6.5,11220,Comedy,Non_R_Rated
"Fantasma dell'opera, Il",1998,132,10,3.8,910,Drama,R_rated
Far from Heaven,2002,108,13.5,7.7,9167,Drama,Non_R_Rated
Fargo,1996,122,7,8.2,65597,Drama,R_rated
Fascination,2004,109,5,3.3,124,Drama,R_rated
"Fast and the Furious, The",2001,119,38,5.7,21428,Action,Non_R_Rated
Father of the Bride Part II,1995,119,30,5.6,4089,Comedy,Non_R_Rated
Fathers' Day,1997,126,85,4.7,2714,Comedy,Non_R_Rated
Female Trouble,1974,117,0.025,7.1,868,Comedy,Non_R_Rated
Feng yun xiong ba tian xia,1998,113,10,6.3,922,Action,Non_R_Rated
Festen,1998,113,1.3,8.2,11983,Drama,R_rated
Fever Pitch,2005,134,39.69,6.6,1712,Comedy,Non_R_Rated
"Fifth Element, The",1997,112,90,7.1,55398,Action,Non_R_Rated
Fight Club,1999,115,63,8.5,112092,Drama,R_rated
Final,2001,150,0.08,5.2,330,Drama,R_rated
Final Fantasy: The Spirits Within,2001,113,137,6.5,16451,Action,Non_R_Rated
Final Solution,2001,126,1.5,7,32,Action,R_rated
Finding Forrester,2000,122,43,7.3,13439,Drama,Non_R_Rated
Finding Graceland,1998,155,10,6.6,504,Drama,Non_R_Rated
Fire Over Afghanistan,2003,102,0.155,4.5,67,Action,R_rated
Firestorm,1998,113,19,4.4,987,Action,R_rated
"Firm, The",1993,144,42,6.6,14708,Drama,R_rated
First Knight,1995,115,75,5.6,8708,Drama,Non_R_Rated
"First Love, Last Rites",1997,126,0.3,5,147,Drama,R_rated
Flawless,1999,137,27,6.1,3287,Comedy,R_rated
Flight of the Phoenix,2004,101,45,6,2732,Action,Non_R_Rated
"Flintstones in Viva Rock Vegas, The",2000,102,58,3.7,1712,Comedy,Non_R_Rated
For Love of the Game,1999,104,50,6.1,5782,Drama,Non_R_Rated
Foreign Correspondents,1999,112,0.5,7.6,117,Drama,Non_R_Rated
"Foreigner, The",2003,126,20,3.1,904,Action,R_rated
Forever Lulu,2000,125,20,5.5,257,Comedy,R_rated
"Forgotten, The",2004,120,42,5.8,8234,Drama,Non_R_Rated
Forrest Gump,1994,101,55,8.2,89722,Comedy,Non_R_Rated
Fortress 2,1999,128,11,4.2,1027,Action,R_rated
"Four Feathers, The",2002,135,80,6.2,4400,Drama,Non_R_Rated
Four Rooms,1995,110,4,6,10675,Comedy,R_rated
Four Weddings and a Funeral,1994,109,6,7.2,17820,Comedy,R_rated
Frailty,2001,121,11,7.4,10551,Drama,R_rated
Frankenfish,2004,116,3,4.6,309,Action,R_rated
Frankenstein,1994,98,45,6,6941,Drama,R_rated
Freaky Friday,2003,129,26,6.9,8052,Comedy,Non_R_Rated
Freddy Got Fingered,2001,137,15,3.5,9115,Comedy,R_rated
Freddy Vs. Jason,2003,116,25,6.1,11109,Action,R_rated
Freddy's Dead: The Final Nightmare,1991,148,5,4.3,3618,Comedy,R_rated
Free Money,1998,116,30,4.7,619,Comedy,R_rated
Freeway,1996,112,3,6.5,4961,Drama,R_rated
Freeway II: Confessions of a Trickbaby,1999,130,2,4.6,666,Drama,R_rated
Freeze Frame,2004,154,2,5.8,189,Drama,R_rated
Frequency,2000,128,31,7.4,15317,Drama,Non_R_Rated
Frida,2002,107,12,7.5,8614,Drama,R_rated
Friday,1995,133,3.5,6.7,7020,Comedy,R_rated
Friday After Next,2002,118,20,4.9,1659,Comedy,R_rated
Friday Night Lights,2004,117,30,7,4290,Drama,Non_R_Rated
From Dusk Till Dawn,1996,155,20,6.8,28473,Action,R_rated
From Justin to Kelly,2003,115,12,1.7,6517,Comedy,Non_R_Rated
Frostbite,2005,124,2.4,2.8,201,Comedy,R_rated
Full Clip,2004,115,0.5,4.1,72,Action,R_rated
Full Frontal,2002,116,2,5,3056,Comedy,R_rated
"Full Monty, The",1997,132,3.5,7.2,22115,Comedy,R_rated
Galaxy Quest,1999,128,45,7.2,22341,Comedy,Non_R_Rated
"Game of Their Lives, The",2005,123,20,6.4,125,Drama,Non_R_Rated
Gangs of New York,2002,122,97,7.3,34808,Drama,R_rated
Garage Days,2002,113,6,5.6,597,Comedy,R_rated
Garden State,2004,104,2.5,8.1,23814,Comedy,R_rated
Garfield,2004,121,50,4.8,4775,Animation,Non_R_Rated
Gattaca,1997,133,36,7.6,26071,Drama,Non_R_Rated
"General's Daughter, The",1999,138,60,6.1,11128,Drama,R_rated
George of the Jungle,1997,120,55,5.5,6430,Comedy,Non_R_Rated
Gerry,2002,114,3.5,6,1944,Drama,R_rated
Get Carter,2000,120,40,4.7,4927,Action,R_rated
Get Over It,2001,120,10,5.7,3561,Comedy,Non_R_Rated
Get Shorty,1995,110,30.25,7,14825,Comedy,R_rated
Get on the Bus,1996,117,2.4,6.6,1142,Drama,R_rated
Ghost World,2000,104,7,7.8,17976,Comedy,R_rated
"Ghost and the Darkness, The",1996,147,55,6.4,8360,Action,R_rated
Ghosts of Mars,2001,112,28,4.6,6368,Action,R_rated
Ghosts of the Abyss,2003,106,13,6.6,664,Documentary,Non_R_Rated
"Gift, The",2000,110,10,6.8,12440,Drama,R_rated
Gigli,2003,110,54,2.3,11285,Comedy,R_rated
Girl 6,1996,112,12,5,1453,Comedy,R_rated
"Girl, Interrupted",1999,123,24,7,16362,Drama,R_rated
Gladiator,2000,106,103,8,92495,Action,R_rated
Glitter,2001,137,22,2.1,5209,Drama,Non_R_Rated
Global Heresy,2002,108,12,5.7,373,Drama,R_rated
Gloria,1999,124,30,4.9,1144,Drama,R_rated
Go,1999,147,6.5,7.4,20663,Comedy,R_rated
Go Fish,1994,125,0.015,5.8,621,Romance,R_rated
Goat on Fire and Smiling Fish,1999,117,0.04,6.3,254,Comedy,R_rated
God's Army,2000,114,0.3,6.4,354,Drama,Non_R_Rated
Gods and Generals,2003,140,56,5.7,3002,Action,Non_R_Rated
Gods and Monsters,1998,109,3.5,7.6,9020,Drama,R_rated
Going Greek,2001,117,0.198,4.8,261,Comedy,R_rated
Gojira ni-sen mireniamu,1999,123,1,5.6,1150,Action,Non_R_Rated
"Golden Bowl, The",2000,102,15,6,1145,Drama,R_rated
GoldenEye,1995,118,80,6.8,22991,Action,Non_R_Rated
Gone Fishin',1997,108,53,3.8,1884,Comedy,Non_R_Rated
Gone in Sixty Seconds,2000,120,90,5.7,25400,Action,Non_R_Rated
Gong fu,2004,118,20,7.9,5299,Action,R_rated
Good Boy!,2003,115,18,4.7,683,Comedy,Non_R_Rated
Good Burger,1997,115,9,4,1714,Comedy,Non_R_Rated
"Good Girl, The",2002,112,5,6.9,8254,Comedy,R_rated
Good Will Hunting,1997,131,10,7.8,60858,Drama,R_rated
Gosford Park,2001,104,15,7.3,16831,Drama,R_rated
Grace of My Heart,1996,122,5,6.5,982,Comedy,R_rated
"Granny, The",1995,139,1,4.2,142,Comedy,R_rated
"Grave, The",1996,120,4,5.6,303,Comedy,R_rated
Gravesend,1997,136,0.065,5,111,Drama,R_rated
"Great White Hope, The",1970,109,6,6.9,369,Drama,Non_R_Rated
"Green Mile, The",1999,124,60,8.1,60142,Drama,R_rated
"Greenskeeper, The",2002,113,0.08,4.7,38,Comedy,R_rated
Grey Owl,1999,127,30,5.7,629,Drama,Non_R_Rated
"Grey Zone, The",2001,115,5,7.3,1553,Drama,R_rated
Groove,2000,164,0.5,6,1171,Drama,R_rated
Grosse Pointe Blank,1997,111,15,7.4,20400,Comedy,R_rated
Grumpier Old Men,1995,123,25,6.2,3711,Comedy,Non_R_Rated
Guinevere,1999,119,2.6,6.3,804,Drama,R_rated
Gun Shy,2000,124,10,5.4,1701,Comedy,R_rated
"Guru, The",2002,184,11,5.9,3505,Comedy,R_rated
"Guy Thing, A",2003,113,20,5.3,2885,Comedy,Non_R_Rated
Hairshirt,1998,130,0.065,4.2,242,Comedy,R_rated
Half Past Dead,2002,113,30,3.9,2099,Action,Non_R_Rated
Hanging Up,2000,143,40,4.4,3129,Comedy,Non_R_Rated
Happy Gilmore,1996,123,10,6.8,17746,Comedy,Non_R_Rated
"Happy, Texas",1999,150,1.7,6.4,3453,Comedy,Non_R_Rated
Hard Ball,2001,105,21,6,3083,Drama,Non_R_Rated
Hard Rain,1998,108,70,5.5,6161,Action,R_rated
Hardware,1990,143,1.5,5.2,1323,Action,R_rated
Harold & Kumar Go to White Castle,2004,119,9,7.1,8376,Comedy,R_rated
Harriet the Spy,1996,124,13,5.8,845,Comedy,Non_R_Rated
Hart's War,2002,121,70,6.2,6368,Drama,R_rated
Harvard Man,2001,124,5.5,4.9,1157,Drama,R_rated
"Haunted Mansion, The",2003,123,90,5,3341,Comedy,Non_R_Rated
Hav Plenty,1997,132,0.65,5.3,256,Comedy,R_rated
He Got Game,1998,108,25,6.6,4198,Drama,R_rated
Head Over Heels,2001,103,14,4.9,2632,Comedy,Non_R_Rated
Heart of America,2003,118,3,6.1,204,Drama,R_rated
"Heart of Me, The",2002,129,7,6.2,336,Drama,R_rated
Heartbreakers,2001,143,40,6.2,8037,Comedy,Non_R_Rated
Hearts in Atlantis,2001,109,31,6.7,6577,Drama,Non_R_Rated
Heat,1995,135,60,7.9,44588,Action,R_rated
Heaven,2002,168,11,7.3,3857,Drama,R_rated
Heavenly Creatures,1994,124,5,7.7,11453,Drama,R_rated
Heavy Metal 2000,2000,119,15,5.1,1148,Action,R_rated
Hedwig and the Angry Inch,2001,101,6,7.7,6072,Comedy,R_rated
Held Up,1999,101,8,4.6,555,Comedy,Non_R_Rated
"Helix... Loaded, The",2005,112,1,2.3,33,Action,R_rated
Hellboy,2004,109,66,6.7,15565,Action,Non_R_Rated
Henry V,1989,135,9,7.9,8241,Action,Non_R_Rated
Here on Earth,2000,103,15,4.8,2187,Drama,Non_R_Rated
Hey Arnold! The Movie,2002,133,10,4.8,425,Animation,Non_R_Rated
Hidalgo,2004,139,78,6.6,7328,Action,Non_R_Rated
Hidden Agenda,2001,112,5,4.2,266,Action,R_rated
Hidden Assassin,1995,108,11,4.4,245,Action,R_rated
Hide and Seek,2005,111,30,5.2,3784,Drama,R_rated
Hideous Kinky,1998,106,12,6.1,1615,Drama,R_rated
High Crimes,2002,101,42,6.1,6043,Drama,Non_R_Rated
High Fidelity,2000,124,20,7.6,29704,Comedy,R_rated
High Strung,1991,113,0.3,6.2,391,Comedy,Non_R_Rated
Highlander,1986,114,16,7.1,18146,Action,R_rated
Highlander II: The Quickening,1991,121,30,3.4,9264,Action,R_rated
Highlander III: The Sorcerer,1994,102,26,3.7,3388,Action,Non_R_Rated
Highlander: Endgame,2000,117,15,4.4,3773,Action,R_rated
"Hillz, The",2004,102,0.1,3.1,80,Comedy,R_rated
HipHopBattle.com: Hip Hop 4 Life,2001,115,0.012,5.7,15,Comedy,Non_R_Rated
Hit and Runway,1999,132,1.2,6.7,189,Comedy,R_rated
"Hitchhiker's Guide to the Galaxy, The",2005,115,50,6.9,7644,Comedy,Non_R_Rated
Holes,2003,112,30,7.2,5235,Comedy,Non_R_Rated
Hollywood Ending,2002,117,16,6.3,3673,Comedy,Non_R_Rated
Hollywood Homicide,2003,133,75,5.2,5312,Action,Non_R_Rated
Hollywood North,2003,105,7,5.7,114,Comedy,R_rated
"Hollywood Sign, The",2001,136,12,5.3,196,Comedy,R_rated
Holy Man,1998,120,60,4.9,3497,Comedy,Non_R_Rated
Home Fries,1998,115,15,4.9,2374,Comedy,Non_R_Rated
"Home at the End of the World, A",2004,121,6.5,6.5,1693,Drama,R_rated
Home on the Range,2004,140,110,5.4,1510,Animation,Non_R_Rated
Hometown Legend,2002,121,2,4.6,186,Drama,Non_R_Rated
Honey,2003,111,17,3.9,3067,Drama,Non_R_Rated
Hong faan kui,1996,110,7.5,6.5,4644,Action,R_rated
Hope Floats,1998,128,30,5.3,4382,Comedy,Non_R_Rated
"Horse Whisperer, The",1998,116,60,6.4,6744,Drama,Non_R_Rated
"Hours, The",2002,127,25,7.6,16692,Drama,Non_R_Rated
"House of Mirth, The",2000,104,10,6.9,2167,Drama,Non_R_Rated
House of Sand and Fog,2003,202,16,7.8,8164,Drama,R_rated
"House of Yes, The",1997,117,1.5,6.5,2345,Comedy,R_rated
House of the Dead,2003,127,7,2.3,3921,Action,R_rated
"House on Turk Street, The",2002,124,12,5.5,1048,Drama,R_rated
How Harry Became a Tree,2001,116,6,6.7,115,Drama,R_rated
How High,2001,107,12,4.9,2916,Comedy,R_rated
How Stella Got Her Groove Back,1998,138,20,5,1475,Drama,R_rated
How the Grinch Stole Christmas,2000,193,123,5.7,12680,Comedy,Non_R_Rated
How to Deal,2003,123,16,5.5,1537,Comedy,Non_R_Rated
How to Kill Your Neighbor's Dog,2000,112,7.3,7,907,Comedy,R_rated
How to Lose a Guy in 10 Days,2003,170,50,6.1,9257,Comedy,Non_R_Rated
Hulk,2003,104,120,6.1,20710,Action,Non_R_Rated
Hurricane,1997,135,0.5,6.6,424,Drama,R_rated
"Hurricane, The",1999,195,38,7.3,12445,Drama,R_rated
Husbands,1970,108,1,7,373,Drama,Non_R_Rated
I Am Sam,2001,124,22,7.2,9945,Drama,Non_R_Rated
I Capture the Castle,2003,127,8,7,947,Drama,R_rated
I Dreamed of Africa,2000,141,34,5.2,1113,Drama,Non_R_Rated
I Got the Hook Up,1998,120,3.5,3.2,412,Comedy,R_rated
I Heart Huckabees,2004,136,22,7,7262,Comedy,R_rated
I Married a Strange Person!,1997,127,0.25,6.2,391,Animation,R_rated
I Spy,2002,136,70,5.3,5521,Action,Non_R_Rated
I'm with Lucy,2002,104,15,6.2,646,Comedy,R_rated
"I, Robot",2004,123,105,7,22330,Action,Non_R_Rated
Ice Age,2002,139,60,7.3,22302,Animation,Non_R_Rated
Ice Cream Man,1995,101,2,4.2,349,Comedy,R_rated
"Ice Storm, The",1997,103,18,7.5,13115,Drama,R_rated
"Ideal Husband, An",1999,122,14,7,4584,Comedy,Non_R_Rated
Identity,2003,106,30,7.3,18747,Drama,R_rated
Idle Hands,1999,113,20,5.4,5892,Comedy,R_rated
Igby Goes Down,2002,114,9,7.1,7958,Comedy,R_rated
Imaginary Heroes,2004,110,10,7,411,Comedy,R_rated
"Importance of Being Earnest, The",2002,142,15,6.8,3598,Comedy,Non_R_Rated
Impostor,2002,105,40,5.8,3292,Action,R_rated
In & Out,1997,111,35,6.2,10352,Comedy,Non_R_Rated
"In Crowd, The",2000,103,15,4,1342,Drama,Non_R_Rated
In This World,2002,114,1.9,7.8,815,Drama,R_rated
In the Bedroom,2001,131,1.7,7.4,10177,Drama,R_rated
In the Company of Men,1997,108,0.025,7.3,3618,Comedy,R_rated
In the Shadows,2001,123,10,4.8,268,Drama,R_rated
Incident at Loch Ness,2004,116,1.4,6.4,251,Comedy,Non_R_Rated
"Incredibles, The",2004,108,92,8.3,30749,Action,Non_R_Rated
"Incredibly True Adventure of Two Girls in Love, The",1995,113,0.25,6.5,795,Comedy,R_rated
Independence Day,1996,121,75,6.1,61831,Action,Non_R_Rated
"Insider, The",1999,124,68,8,28780,Drama,R_rated
Insomnia,2002,109,46,7.3,22235,Drama,R_rated
Inspector Gadget,1999,102,75,4,5288,Action,Non_R_Rated
Instinct,1999,107,55,6.1,6298,Drama,R_rated
"Intended, The",2002,106,3.8,6.8,40,Drama,R_rated
Intermission,2003,106,5,6.4,1971,Comedy,R_rated
"Interpreter, The",2005,112,80,6.6,4678,Drama,Non_R_Rated
Interstate 60,2002,147,7,7.7,2495,Comedy,R_rated
Interview with the Assassin,2002,109,0.75,6.7,409,Drama,R_rated
Into the Sun,2005,110,16,4,481,Action,R_rated
Intolerable Cruelty,2003,120,60,6.6,11967,Comedy,Non_R_Rated
"Intruder, The",1962,112,0.08,8,163,Drama,Non_R_Rated
"Invasions barbares, Les",2003,102,5,7.9,4900,Comedy,R_rated
"Iron Giant, The",1999,127,48,7.9,15151,Animation,Non_R_Rated
Isn't She Great,2000,106,36,4.8,688,Comedy,R_rated
"Italian Job, The",2003,109,60,6.9,18496,Action,Non_R_Rated
JFK,1991,114,40,7.8,26456,Drama,R_rated
Jack,1996,130,45,5.2,5256,Comedy,Non_R_Rated
Jack Frost,1998,108,50,4.5,2130,Comedy,Non_R_Rated
Jackass: The Movie,2002,116,5,6.1,8893,Comedy,R_rated
Jackie Brown,1997,121,12,7.5,28891,Drama,R_rated
Jackpot,2001,105,0.4,5.2,213,Comedy,R_rated
Jade,1995,121,50,4.8,2380,Action,R_rated
Jake's Booty Call,2003,127,0.05,7,10,Comedy,R_rated
Jakob the Liar,1999,110,15,5.9,2544,Comedy,Non_R_Rated
James and the Giant Peach,1996,106,38,6.6,3144,Animation,Non_R_Rated
Japanese Story,2003,126,5.74,7,1330,Drama,R_rated
Jay and Silent Bob Strike Back,2001,106,22,6.9,24211,Comedy,R_rated
Jeepers Creepers,2001,103,10,5.4,10973,Drama,R_rated
Jefferson in Paris,1995,116,14,5.6,665,Drama,Non_R_Rated
Jerry Maguire,1996,116,50,7.3,34623,Comedy,R_rated
Jerry and Tom,1998,125,5,6.7,447,Comedy,R_rated
Jersey Girl,2004,133,35,6.4,6853,Comedy,Non_R_Rated
Jesus' Son,1999,120,2.5,6.9,2291,Drama,R_rated
"Jimmy Show, The",2001,129,1,4.6,145,Comedy,R_rated
Jing cha gu shi III: Chao ji jing cha,1992,135,0.9,6.7,2024,Action,R_rated
Jingle All the Way,1996,102,60,4.7,6246,Action,Non_R_Rated
Joe Dirt,2001,129,16,5.1,5514,Comedy,Non_R_Rated
Joe Somebody,2001,101,38,5.5,1937,Comedy,Non_R_Rated
Joe's Apartment,1996,120,13,5,2169,Comedy,Non_R_Rated
John Q,2002,135,36,6.4,8952,Drama,Non_R_Rated
Johnny English,2003,126,35,5.6,8125,Action,Non_R_Rated
Johnson Family Vacation,2004,124,12,3.6,955,Comedy,Non_R_Rated
Josie and the Pussycats,2001,103,22,5.2,4508,Comedy,Non_R_Rated
Judge Dredd,1995,145,90,4.6,9979,Action,R_rated
Judgment,2001,103,11,4.6,106,Drama,Non_R_Rated
Jui kuen II,1994,106,2,7.5,4628,Action,R_rated
Julie Walking Home,2002,117,5,7.3,190,Drama,R_rated
Jumanji,1995,106,65,6,14874,Action,Non_R_Rated
Jurassic Park III,2001,123,93,5.6,20690,Action,Non_R_Rated
"Juror, The",1996,105,44,5.3,2920,Drama,R_rated
Just Looking,1999,142,3,6.2,436,Comedy,R_rated
Just the Ticket,1999,141,12,5.5,610,Comedy,R_rated
Juwanna Mann,2002,151,15.6,3.9,885,Comedy,Non_R_Rated
K-19: The Widowmaker,2002,125,100,6.6,8292,Drama,Non_R_Rated
K-PAX,2001,108,48,7.2,17235,Drama,Non_R_Rated
Kama Sutra: A Tale of Love,1996,115,3,5.5,1491,Drama,R_rated
Kangaroo Jack,2003,101,60,3.9,3661,Comedy,Non_R_Rated
Kansas City,1996,125,19,5.8,1077,Drama,R_rated
Karakter,1997,118,4.5,7.7,2687,Drama,R_rated
Kate & Leopold,2001,140,48,6.3,8060,Comedy,Non_R_Rated
Keane,2004,109,0.85,6.3,34,Drama,R_rated
Keeping the Faith,2000,139,30,6.8,11351,Comedy,Non_R_Rated
Kicked in the Head,1997,104,4,4.2,271,Comedy,R_rated
"Kid, The",2000,104,65,6.1,5418,Comedy,Non_R_Rated
Kill Bill: Vol. 1,2003,117,55,8.3,65026,Action,R_rated
Kill Bill: Vol. 2,2004,121,30,8.3,44189,Action,R_rated
Killers,1997,128,0.1,2.8,127,Action,R_rated
Killing Me Softly,2002,154,25,5.4,1771,Drama,R_rated
Kimberly,1999,109,2,5.3,231,Comedy,R_rated
King Arthur,2004,110,90,6,14272,Action,R_rated
Kingdom of Heaven,2005,134,130,7,6498,Action,R_rated
Kingpin,1996,108,25,6.6,10643,Comedy,Non_R_Rated
Kinsey,2004,170,11,7.6,3225,Drama,R_rated
Kiss of the Dragon,2001,115,25,6.2,7887,Action,R_rated
Kiss the Girls,1997,104,27,6.4,9041,Drama,R_rated
Kiss the Sky,1999,145,6,5.6,263,Romance,R_rated
"Kiss, The",2004,113,0.006,5.8,5,Short,Non_R_Rated
Kissing Jessica Stein,2001,114,1,7,4236,Comedy,R_rated
"Knight's Tale, A",2001,149,41,6.5,15006,Action,Non_R_Rated
Knock Off,1998,135,35,3.8,1947,Action,R_rated
Kundun,1997,194,28,7.1,4306,Drama,Non_R_Rated
Kung Pow: Enter the Fist,2002,119,10,5.1,5871,Action,Non_R_Rated
"Ladykillers, The",2004,103,35,6.4,10580,Comedy,R_rated
Lake Placid,1999,104,27,5.2,7836,Action,R_rated
Lana's Rain,2002,147,0.215,7.1,56,Drama,R_rated
Lara Croft Tomb Raider: The Cradle of Life,2003,120,90,5.2,9103,Action,Non_R_Rated
Lara Croft: Tomb Raider,2001,112,80,5.2,21861,Action,Non_R_Rated
Lashou shentan,1992,108,4.5,7.9,6568,Action,R_rated
"Last Castle, The",2001,162,60,6.4,7233,Action,R_rated
Last Man Standing,1996,103,67,5.7,6751,Action,R_rated
Last Orders,2001,102,12,7.1,1583,Drama,R_rated
"Last Patrol, The",2000,129,8.2,2.9,236,Action,Non_R_Rated
"Last Picture Show, The",1971,111,1.3,8,5340,Drama,R_rated
"Last Resort, The",1997,135,5,5,62,Action,Non_R_Rated
"Last Samurai, The",2003,113,100,7.9,31668,Action,R_rated
"Last Time I Committed Suicide, The",1997,101,4,5.3,530,Drama,R_rated
Latter Days,2003,125,0.85,7.3,1396,Comedy,R_rated
Lawn Dogs,1997,116,8,7.5,1856,Drama,R_rated
Laws of Attraction,2004,131,28,5.7,2349,Comedy,Non_R_Rated
"League of Extraordinary Gentlemen, The",2003,250,78,5.4,15647,Action,Non_R_Rated
"Learning Curve, The",2001,106,1,5.2,177,Drama,R_rated
Leaving Las Vegas,1995,111,4,7.5,18027,Drama,R_rated
Legally Blonde,2001,113,18,6.4,17572,Comedy,Non_R_Rated
"Legally Blonde 2: Red, White & Blonde",2003,125,45,4.4,6293,Comedy,Non_R_Rated
"Legend of Bagger Vance, The",2000,124,60,6.4,7123,Comedy,Non_R_Rated
"Leggenda del pianista sull'oceano, La",1998,118,9,7.6,3599,Drama,R_rated
Legion of the Dead,2001,106,2.7,3.4,374,Comedy,R_rated
Legionnaire,1998,132,35,4.5,1773,Action,R_rated
Lemony Snicket's A Series of Unfortunate Events,2004,106,125,6.7,8402,Comedy,Non_R_Rated
"Lengua asesina, La",1996,132,4,4,244,Comedy,R_rated
Lethal Weapon 4,1998,136,140,6.3,17758,Action,R_rated
Levity,2003,141,7.5,6.4,1459,Drama,R_rated
Liar Liar,1997,125,45,6.5,22969,Comedy,Non_R_Rated
Liberty Stands Still,2002,124,11,5.6,1560,Drama,R_rated
Life,1999,108,75,5.8,4857,Comedy,R_rated
"Life Aquatic with Steve Zissou, The",2004,140,25,7.3,9170,Comedy,R_rated
"Life Less Ordinary, A",1997,106,12,6.4,8209,Comedy,R_rated
Life as a House,2001,104,18,7.5,7696,Comedy,R_rated
"Life of David Gale, The",2003,110,50,7.1,10580,Drama,R_rated
Light It Up,1999,127,13,5.7,856,Drama,R_rated
Like Mike,2002,102,30,4.9,1484,Comedy,Non_R_Rated
Lilo & Stitch,2002,105,80,7.3,10944,Animation,Non_R_Rated
Limbo,1999,101,8.3,7.1,2063,Drama,R_rated
"Limey, The",1999,208,9,7.2,7732,Drama,R_rated
Little Black Book,2004,101,35,4.7,1894,Comedy,Non_R_Rated
Little Nicky,2000,176,80,4.9,9485,Comedy,Non_R_Rated
Little Secrets,2001,101,2.5,6.9,457,Drama,Non_R_Rated
"Little Vampire, The",2000,143,22,5.6,601,Comedy,Non_R_Rated
Living Out Loud,1998,103,12,6.5,1774,Comedy,R_rated
"Lizzie McGuire Movie, The",2003,117,17,5,2541,Comedy,Non_R_Rated
Lolita,1997,103,58,6.8,5757,Drama,R_rated
Lone Star,1996,113,5,7.7,8518,Drama,R_rated
"Long Kiss Goodnight, The",1996,130,65,6.5,12516,Action,R_rated
Looney Tunes: Back in Action,2003,104,80,6.1,2559,Action,Non_R_Rated
"Lord of the Rings: The Fellowship of the Ring, The",2001,127,93,8.8,157608,Action,Non_R_Rated
"Lord of the Rings: The Return of the King, The",2003,105,94,9,103631,Action,Non_R_Rated
"Lord of the Rings: The Two Towers, The",2002,120,94,8.8,114797,Action,Non_R_Rated
Loser,2000,103,20,5.1,5152,Comedy,Non_R_Rated
Losing Isaiah,1995,109,17,6.1,794,Drama,R_rated
"Loss of Sexual Innocence, The",1999,129,4,5.3,977,Drama,R_rated
Lost Highway,1997,111,15,7.3,15936,Drama,R_rated
"Lost World: Jurassic Park, The",1997,102,73,5.5,28055,Action,Non_R_Rated
Lost in Space,1998,114,80,4.7,15209,Action,Non_R_Rated
Lost in Translation,2003,107,4,8,42450,Comedy,R_rated
"Lot Like Love, A",2005,118,30,4.6,786,Comedy,Non_R_Rated
Love & Basketball,2000,153,15,6.7,2093,Drama,Non_R_Rated
"Love Letter, The",1999,117,15,5.2,1258,Comedy,Non_R_Rated
Love Liza,2002,120,1,6.6,1588,Drama,R_rated
Love Object,2003,111,1,6.3,427,Comedy,R_rated
Love Stinks,1999,102,4,5.3,1311,Comedy,R_rated
Love Story,1970,118,2.2,6.2,2844,Drama,Non_R_Rated
Love and Other Catastrophes,1996,128,0.25,6.5,783,Comedy,R_rated
Love's Labour's Lost,2000,103,13,5.9,1254,Comedy,Non_R_Rated
Lovely & Amazing,2001,121,0.25,6.9,1813,Comedy,R_rated
Lover Girl,1997,104,1,5.3,102,Comedy,R_rated
Lucky 13,2004,133,1.2,5.7,151,Comedy,R_rated
Lucky Break,2001,115,6,6.3,707,Comedy,Non_R_Rated
Lucky Numbers,2000,111,65,5,2396,Comedy,R_rated
Luminarias,2000,119,1,2.7,381,Comedy,R_rated
"Lunes al sol, Los",2002,116,4,7.8,1466,Drama,R_rated
MASH,1970,132,3.5,7.8,14829,Comedy,R_rated
Mad City,1997,101,50,6,3965,Drama,Non_R_Rated
Made,2001,168,5,6.5,4487,Comedy,R_rated
Madonna: Truth or Dare,1991,136,4.5,5.5,2660,Documentary,R_rated
Magnolia,1999,112,37,8,45992,Drama,R_rated
Maid in Manhattan,2002,126,55,4.6,12237,Comedy,Non_R_Rated
"Majestic, The",2001,116,72,6.7,8649,Drama,Non_R_Rated
Malibu's Most Wanted,2003,118,16,4.9,2099,Comedy,Non_R_Rated
Mallrats,1995,118,6.1,7.1,22837,Comedy,R_rated
"Man Apart, A",2003,105,36,5.4,4231,Action,R_rated
"Man Who Wasn't There, The",2001,116,20,7.7,17028,Comedy,R_rated
"Man from Elysian Fields, The",2001,120,6.5,6.8,1198,Drama,R_rated
"Man in the Iron Mask, The",1998,158,35,6,11127,Action,Non_R_Rated
Man of the House,2005,109,40,5.2,511,Action,Non_R_Rated
Man on Fire,2004,118,70,7.4,14358,Action,R_rated
Man on the Moon,1999,106,52,7.3,19826,Comedy,R_rated
Man-Thing,2005,103,30,3.8,163,Action,R_rated
Manny & Lo,1996,105,0.5,6.9,395,Drama,R_rated
"Maquinista, El",2004,135,5,7.7,4322,Drama,R_rated
Marci X,2003,112,20,2.8,741,Comedy,R_rated
Marilyn's Man,2004,102,0.825,7.6,24,Documentary,Non_R_Rated
Mars Attacks!,1996,125,70,6.1,27363,Action,Non_R_Rated
Martin Lawrence Live: Runteldat,2002,102,3,4.6,504,Comedy,R_rated
Marvin's Room,1996,103,23,6.5,4005,Comedy,Non_R_Rated
Mary Reilly,1996,108,47,5.5,2806,Drama,R_rated
"Mask of Zorro, The",1998,104,65,6.8,18220,Action,Non_R_Rated
Master and Commander: The Far Side of the World,2003,107,150,7.5,21328,Action,Non_R_Rated
"Master of Disguise, The",2002,127,16,2.9,3903,Comedy,Non_R_Rated
Matilda,1996,110,36,6.5,4351,Comedy,Non_R_Rated
"Matrix Reloaded, The",2003,104,127,7.1,57225,Action,R_rated
"Matrix Revolutions, The",2003,104,110,6.3,40058,Action,R_rated
"Matrix, The",1999,108,63,8.5,143853,Action,R_rated
Max Keeble's Big Move,2001,101,12,5.3,587,Comedy,Non_R_Rated
May,2002,117,1.7,6.8,3324,Drama,R_rated
Mayerling,1968,111,5,5.6,154,Drama,Non_R_Rated
McHale's Navy,1997,119,42,3.7,1758,Comedy,Non_R_Rated
"Me, Myself & Irene",2000,112,51,6,21305,Comedy,R_rated
Mean Creek,2004,108,0.5,7.3,2094,Drama,R_rated
Mean Girls,2004,192,17,7,11591,Comedy,Non_R_Rated
"Medallion, The",2003,103,41,4.5,2765,Action,Non_R_Rated
Meet Joe Black,1998,104,90,6.6,16796,Drama,Non_R_Rated
Meet the Deedles,1998,105,24,3.4,443,Comedy,Non_R_Rated
Meet the Fockers,2004,207,80,6.5,11950,Comedy,Non_R_Rated
Meet the Parents,2000,107,55,7,30804,Comedy,Non_R_Rated
Memento,2000,119,5,8.7,90317,Drama,R_rated
Men in Black,1997,103,90,6.8,53231,Action,Non_R_Rated
Men in Black II,2002,107,140,5.6,21580,Action,Non_R_Rated
Men of Honor,2000,138,32,6.6,9684,Drama,R_rated
Men of War,1994,104,12,4.6,397,Action,R_rated
Men with Brooms,2002,107,7.5,5.9,1096,Comedy,R_rated
Menace II Society,1993,144,3.5,7.3,4704,Action,R_rated
"Merchant of Venice, The",2004,103,30,7.3,1400,Comedy,R_rated
Mercury Rising,1998,104,60,5.6,8202,Action,R_rated
Mercy Streets,2000,164,0.6,4.6,149,Action,Non_R_Rated
Message in a Bottle,1999,110,30,5.4,5582,Drama,Non_R_Rated
Metoroporisu,2001,123,14.5,7.3,3380,Action,Non_R_Rated
Metro,1997,103,55,5.2,3560,Action,R_rated
"Mexican, The",2001,130,38,6,13935,Comedy,R_rated
Michael Moore Hates America,2004,123,0.2,4.2,629,Documentary,R_rated
Mickey,2004,104,6,5.4,52,Drama,Non_R_Rated
Mickey Blue Eyes,1999,101,40,5.8,7247,Comedy,Non_R_Rated
Midnight in the Garden of Good and Evil,1997,104,30,6.4,8517,Drama,R_rated
Mighty Aphrodite,1995,103,15,7,7083,Comedy,R_rated
Million Dollar Baby,2004,112,30,8.3,20195,Drama,Non_R_Rated
"Million Dollar Hotel, The",2000,109,8,5.5,4746,Drama,R_rated
Mindhunters,2004,123,27,6.3,3925,Action,R_rated
"Minion, The",1998,115,12,3.2,338,Action,R_rated
Minority Report,2002,148,102,7.8,51199,Action,Non_R_Rated
"Mirror Has Two Faces, The",1996,104,42,5.7,2775,Comedy,Non_R_Rated
Miss Congeniality,2000,115,45,6.2,16235,Comedy,Non_R_Rated
Mission: Impossible,1996,113,75,6.6,33496,Action,Non_R_Rated
Mission: Impossible II,2000,119,125,5.7,35958,Action,Non_R_Rated
Modigliani,2004,104,12,7,155,Drama,R_rated
Molly,1999,101,21,5.5,610,Comedy,Non_R_Rated
"Molly Maguires, The",1970,112,11,6.6,455,Drama,Non_R_Rated
Mona Lisa Smile,2003,113,65,6.1,6838,Comedy,Non_R_Rated
Money Talks,1997,116,25,5.5,2720,Action,R_rated
Money Train,1995,101,68,5.1,5081,Action,R_rated
Monkeybone,2001,120,75,4.7,3112,Animation,Non_R_Rated
Monsoon Wife,2004,101,1,4.7,15,Drama,R_rated
Monster,2003,108,8,7.4,12306,Drama,R_rated
Monster's Ball,2001,107,4,7.3,15037,Drama,R_rated
Monster-in-Law,2005,182,60,5.6,147,Comedy,Non_R_Rated
Montana,1998,107,4,6.1,417,Action,R_rated
Moonlight Mile,2002,104,20,6.9,3479,Drama,Non_R_Rated
Mortal Kombat,1995,118,20,5,8779,Action,Non_R_Rated
Mortal Kombat: Annihilation,1997,173,30,3,5799,Action,Non_R_Rated
Mother Night,1996,103,5.5,7.1,1232,Drama,R_rated
Moulin Rouge!,2001,150,52.5,7.7,47689,Drama,Non_R_Rated
Mousehunt,1997,115,38,5.8,4637,Action,Non_R_Rated
Mr 3000,2004,175,30,5.7,1459,Comedy,Non_R_Rated
Mr. Deeds,2002,104,50,5.5,11729,Comedy,Non_R_Rated
Mrs. Winterbourne,1996,107,25,5.8,1310,Comedy,Non_R_Rated
"Mudge Boy, The",2003,121,0.8,6.8,204,Drama,R_rated
Muertos de risa,1999,116,3.5,6.3,334,Comedy,R_rated
Mulholland Dr.,2001,107,15,7.9,35504,Drama,R_rated
Multiplicity,1996,116,45,5.7,5241,Comedy,Non_R_Rated
Mumford,1999,103,28,6.9,3384,Comedy,R_rated
"Mummy Returns, The",2001,119,98,6.1,23551,Action,Non_R_Rated
"Mummy, The",1999,102,76,6.5,36216,Action,Non_R_Rated
Muriel's Wedding,1994,122,3,7.1,6685,Comedy,R_rated
"Muse, The",1999,111,15,5.6,3513,Comedy,Non_R_Rated
Music of the Heart,1999,103,27,6.6,2348,Drama,Non_R_Rated
"Musketeer, The",2001,101,40,4.4,3966,Action,Non_R_Rated
Mutant Aliens,2001,104,0.2,6.4,223,Animation,R_rated
Mute Witness,1994,127,2,6.8,1202,Comedy,R_rated
My Best Friend's Wedding,1997,107,46,6.4,16648,Comedy,Non_R_Rated
My Big Fat Greek Wedding,2002,110,5,6.9,21675,Comedy,Non_R_Rated
My Boss's Daughter,2003,101,14,4.1,2765,Comedy,R_rated
My Cousin Vinny,1992,101,11,7.2,10877,Comedy,R_rated
My Dog Skip,2000,107,7,7.1,3109,Drama,Non_R_Rated
My Family,1995,106,5.5,7,859,Drama,R_rated
My Favorite Martian,1999,105,60,4.5,1942,Comedy,Non_R_Rated
My Fellow Americans,1996,113,21.5,6.3,2752,Comedy,Non_R_Rated
My Life's in Turnaround,1993,109,0.022,3.9,196,Comedy,R_rated
Mystery Men,1999,115,68,5.8,13331,Action,Non_R_Rated
"Mystery, Alaska",1999,109,28,6.4,5440,Comedy,R_rated
"Mystic Masseur, The",2001,115,2.5,5.2,157,Drama,Non_R_Rated
Mystic River,2003,106,30,8,28969,Drama,R_rated
Nadja,1994,104,1,5.7,781,Drama,R_rated
Napoleon Dynamite,2004,125,0.4,7.2,17524,Comedy,Non_R_Rated
Naqoyqatsi,2002,103,3,6.9,575,Documentary,Non_R_Rated
Narc,2002,122,7.5,7.3,7185,Drama,R_rated
National Treasure,2004,121,100,6.6,12361,Action,Non_R_Rated
"Negotiator, The",1998,131,50,7.2,19100,Action,R_rated
"Net, The",1995,105,22,5.6,12201,Action,Non_R_Rated
Never Again,2001,105,0.5,5.7,309,Comedy,R_rated
"New Guy, The",2002,120,13,5.2,4266,Comedy,Non_R_Rated
New Jersey Drive,1995,119,5,5.4,348,Drama,R_rated
"Newton Boys, The",1998,101,27,5.7,2003,Action,Non_R_Rated
"Next Best Thing, The",2000,108,25,4.7,3131,Comedy,Non_R_Rated
Next Friday,2000,134,9.5,5.2,3457,Comedy,R_rated
Next Stop Wonderland,1998,114,1,6.7,1467,Comedy,R_rated
Nicholas Nickleby,2002,150,10,7.4,1651,Drama,Non_R_Rated
Nil by Mouth,1997,125,9,6.9,1159,Drama,R_rated
Nixon,1995,129,50,6.8,5837,Drama,R_rated
No Code of Conduct,1998,115,12,4.4,314,Action,R_rated
No Looking Back,1998,174,5,5.6,622,Comedy,R_rated
No Way Home,1996,127,4,6.6,328,Drama,R_rated
Nochnoy dozor,2004,142,4.2,6.3,1020,Action,R_rated
Northfork,2003,109,1.9,6.2,1521,Drama,Non_R_Rated
Not Another Teen Movie,2001,115,16,5.2,10295,Comedy,R_rated
"Notebook, The",2004,105,30,7.8,8830,Drama,Non_R_Rated
Notting Hill,1999,111,42,7,27285,Comedy,Non_R_Rated
November,2004,230,0.3,2.8,164,Drama,R_rated
Novocaine,2001,105,6,5.9,2829,Comedy,R_rated
Nueve reinas,2000,104,1.5,7.6,3721,Drama,R_rated
Nurse Betty,2000,112,24,6.6,10441,Comedy,R_rated
Nutty Professor II: The Klumps,2000,112,84,4.5,5825,Comedy,Non_R_Rated
"Nutty Professor, The",1996,116,54,5.8,12273,Comedy,Non_R_Rated
O,2001,121,5,6.3,4555,Drama,R_rated
"O Brother, Where Art Thou?",2000,105,26,7.8,37961,Comedy,Non_R_Rated
"Object of My Affection, The",1998,104,15,6,4027,Comedy,R_rated
Ocean's Eleven,2001,120,85,7.5,44662,Comedy,Non_R_Rated
Ocean's Twelve,2004,107,110,6,14797,Comedy,Non_R_Rated
Office Space,1999,188,10,7.7,26134,Comedy,R_rated
Old School,2003,156,24,6.7,14283,Comedy,R_rated
On the Border,1998,123,3,4.8,165,Drama,R_rated
On the Line,2001,110,10,4.1,1013,Comedy,Non_R_Rated
Once Upon a Time in America,1984,107,30,8.2,19292,Drama,R_rated
Once Upon a Time in Mexico,2003,109,29,6,14732,Action,R_rated
One Eight Seven,1997,133,23,6.3,2958,Drama,R_rated
One Eyed King,2001,108,6.5,5.1,81,Drama,R_rated
One Hell of a Christmas,2002,101,0.4,2.7,70,Comedy,R_rated
One Hour Photo,2002,113,12,7.1,17130,Drama,R_rated
One Night Stand,1997,112,24,5.7,1709,Drama,R_rated
One True Thing,1998,127,30,7,2534,Drama,R_rated
Onegin,1999,106,14,6.3,1327,Drama,R_rated
Open Range,2003,139,26,7.5,8799,Drama,R_rated
Open Water,2003,79,0.13,6.1,7204,Drama,R_rated
Orange County,2002,82,18,6.1,8526,Comedy,Non_R_Rated
Orgazmo,1997,92,1,5.7,5128,Comedy,Non_R_Rated
Original Gangstas,1996,99,4.8,5.3,216,Drama,R_rated
"Original Kings of Comedy, The",2000,115,3,6.1,1386,Comedy,R_rated
Original Sin,2001,116,26,5.5,4592,Drama,R_rated
Osama,2003,83,0.046,7.5,1546,Drama,Non_R_Rated
Osmosis Jones,2001,95,75,6.2,3410,Animation,Non_R_Rated
Othello,1995,123,11,6.8,1852,Drama,R_rated
"Other Side of Heaven, The",2001,113,7,6.5,683,Drama,Non_R_Rated
"Others, The",2001,104,17,7.8,36914,Drama,Non_R_Rated
"Otra conquista, La",1998,106,3.5,6.7,140,Drama,R_rated
Out Cold,2001,92,11,5.2,1990,Comedy,Non_R_Rated
Out for a Kill,2003,88,20,3,818,Action,R_rated
Out of Reach,2004,88,20,3.7,399,Action,R_rated
Out-of-Sync,1995,105,1.5,4.7,37,Drama,R_rated
"Out-of-Towners, The",1999,90,40,5,2919,Comedy,Non_R_Rated
Outbreak,1995,127,50,6.4,13796,Drama,R_rated
Outside Providence,1999,96,7,6.1,2735,Comedy,R_rated
"Outsiders, The",1983,91,10,6.8,7125,Drama,Non_R_Rated
Overnight Delivery,1998,87,12,5.9,1229,Comedy,Non_R_Rated
Owning Mahowny,2003,104,10,7,1999,Drama,R_rated
P.S. Your Cat Is Dead,2002,88,2,4.7,185,Comedy,R_rated
"Pacifier, The",2005,95,56,4.9,2179,Action,Non_R_Rated
"Packing Suburbia, A",1999,90,0.04,4.5,38,Drama,R_rated
Paint Your Wagon,1969,158,20,6.5,2011,Comedy,Non_R_Rated
Pandaemonium,2000,124,15,6.2,244,Drama,Non_R_Rated
Panic,2000,88,1,6.9,2524,Comedy,R_rated
Panic Room,2002,113,48,7,24302,Drama,R_rated
Paparazzi,2004,84,20,5.6,2028,Drama,Non_R_Rated
Party Monster,2003,98,5,5.8,1976,Drama,R_rated
"Passion of the Christ, The",2004,127,30,7.4,34046,Drama,R_rated
Patch Adams,1998,115,50,6.1,12110,Comedy,Non_R_Rated
"Patriot, The",2000,164,110,6.8,29665,Action,R_rated
Pavilion of Women,2001,111,5,5.3,209,Drama,R_rated
Pay It Forward,2000,123,40,6.7,13531,Drama,Non_R_Rated
Paycheck,2003,119,60,6.1,10383,Action,Non_R_Rated
"Peacekeeper, The",1997,98,10,4.6,505,Action,R_rated
"Peacemaker, The",1997,124,50,5.9,8994,Action,R_rated
Pearl Harbor,2001,184,135.25,5.4,33409,Action,R_rated
Pecker,1998,87,6,6.4,4013,Comedy,R_rated
Pep Squad,1998,94,0.5,4.4,120,Comedy,R_rated
"Perez Family, The",1995,113,11,6,517,Comedy,R_rated
"Perfect Storm, The",2000,130,120,6.2,24946,Action,Non_R_Rated
Perfect Target,1997,89,3.5,4.2,55,Action,R_rated
"Pest, The",1997,84,17,3.8,1405,Comedy,Non_R_Rated
Peter Pan,2003,113,100,7.2,5596,Action,Non_R_Rated
"Phantom of the Opera, The",2004,143,60,7.2,11283,Drama,Non_R_Rated
"Phantom, The",1996,100,45,5,3329,Action,Non_R_Rated
Phenomenon,1996,123,32,6.3,12075,Drama,Non_R_Rated
"Pianist, The",2002,150,35,8.5,30467,Drama,R_rated
Picture Perfect,1997,105,19,5.6,3019,Comedy,Non_R_Rated
Pieces of April,2003,80,0.3,7.3,4604,Comedy,Non_R_Rated
Pink Flamingos,1972,108,0.012,6.1,2029,Comedy,Non_R_Rated
Pirates of the Caribbean: The Curse of the Black Pearl,2003,143,125,8,60812,Action,Non_R_Rated
Planet of the Apes,2001,119,100,5.6,28601,Action,Non_R_Rated
Play It to the Bone,1999,124,24,5.1,2645,Comedy,R_rated
Playing by Heart,1998,121,14,7.1,4958,Drama,R_rated
Pleasantville,1998,124,40,7.5,22561,Comedy,Non_R_Rated
"Pledge, The",2001,123,45,6.9,9852,Drama,R_rated
"Point Men, The",2001,88,6.1,4.6,266,Action,R_rated
Pollock,2000,132,6,7.1,4013,Drama,R_rated
Poolhall Junkies,2002,94,4,6.6,1411,Drama,R_rated
Pootie Tang,2001,70,3,4.1,1921,Action,Non_R_Rated
Possums,1998,97,1.4,5.3,66,Comedy,Non_R_Rated
"Postino, Il",1994,108,3,7.6,8342,Comedy,Non_R_Rated
"Powerpuff Girls, The",2002,73,10,6.2,1334,Action,Non_R_Rated
Practical Magic,1998,103,60,5.4,7786,Drama,Non_R_Rated
Price of Glory,2000,118,10,6.2,265,Drama,Non_R_Rated
Primal Fear,1996,129,30,7.5,12467,Drama,R_rated
Primary Colors,1998,143,65,6.8,7756,Comedy,R_rated
Primer,2004,77,0.007,6.4,1466,Drama,Non_R_Rated
"Prince of Egypt, The",1998,99,60,6.9,9212,Animation,Non_R_Rated
Private Parts,1997,109,20,6.6,9289,Comedy,R_rated
Proof of Life,2000,135,65,6.3,9592,Action,R_rated
Prozac Nation,2001,99,9,6.2,940,Drama,R_rated
Pulp Fiction,1994,168,8,8.8,132745,Drama,R_rated
Punch-Drunk Love,2002,95,25,7.5,18169,Comedy,R_rated
"Punisher, The",2004,124,33,6.2,9989,Action,R_rated
Pushing Tin,1999,119,33,5.9,7528,Comedy,R_rated
Queen's Messenger II,2001,90,4,6,27,Action,R_rated
"Quiet American, The",2002,101,30,7.4,5957,Drama,R_rated
"R.M., The",2003,101,0.5,5.3,213,Comedy,Non_R_Rated
Rabbit-Proof Fence,2002,94,6,7.7,5079,Drama,Non_R_Rated
Rachel's Attic,2002,112,0.083,2.4,58,Action,R_rated
Radio,2003,109,35,6.9,3594,Drama,Non_R_Rated
"Rainbow Thief, The",1990,87,10,6,49,Drama,R_rated
"Rainmaker, The",1997,135,40,6.8,8620,Drama,Non_R_Rated
Raise Your Voice,2004,103,15,4.3,1626,Drama,Non_R_Rated
Raising Victor Vargas,2002,88,0.8,6.7,1785,Comedy,R_rated
Raising the Stakes,1999,88,0.1,4.7,24,Drama,R_rated
Rancid Aluminium,2000,88,12,3.5,352,Drama,R_rated
Random Hearts,1999,133,64,4.8,5919,Drama,R_rated
Ransom,1996,139,80,6.6,17678,Action,R_rated
Rare Birds,2001,99,5,6.4,471,Comedy,R_rated
Rat Race,2001,112,48,6.5,13913,Comedy,Non_R_Rated
Ravenous,1999,108,12,6.7,5915,Comedy,R_rated
"Real Cancun, The",2003,96,8,2.8,1504,Documentary,R_rated
Real Women Have Curves,2002,87,3,7,1944,Comedy,Non_R_Rated
Rebel Without a Cause,1955,111,1.5,7.8,11055,Drama,Non_R_Rated
"Red Baron, The",1971,97,0.9,4.9,120,Action,Non_R_Rated
Red Planet,2000,106,75,5.3,8623,Action,Non_R_Rated
Reign of Fire,2002,101,95,5.8,11452,Action,Non_R_Rated
Reindeer Games,2000,124,36,5.5,7120,Action,R_rated
Remember the Titans,2000,113,30,7.4,14195,Drama,Non_R_Rated
"Replacement Killers, The",1998,87,30,5.8,6825,Action,R_rated
"Replacements, The",2000,114,50,6.2,7617,Comedy,Non_R_Rated
Repli-Kate,2002,121,4,5.6,791,Comedy,R_rated
Requiem for a Dream,2000,102,4.5,8.4,47845,Drama,R_rated
Resident Evil,2002,100,35,6.2,18978,Action,R_rated
Resident Evil: Apocalypse,2004,94,50,5.6,10486,Action,R_rated
Restoration,1995,117,18,6.6,1874,Drama,R_rated
Resurrection Man,1998,102,4,4.6,214,Drama,R_rated
Return to Me,2000,115,24,6.9,5057,Comedy,Non_R_Rated
Revelation,1999,98,5,4.5,203,Action,Non_R_Rated
Riders,2002,83,15,5.1,922,Action,R_rated
Riding in Cars with Boys,2001,132,48,6.2,4627,Comedy,Non_R_Rated
"Ring, The",2002,115,45,7.4,30687,Drama,Non_R_Rated
Ripley's Game,2002,112,30,6.6,2680,Drama,R_rated
Road Trip,2000,94,15.6,6.3,15981,Comedy,R_rated
"Road to El Dorado, The",2000,89,95,6.3,2838,Action,Non_R_Rated
Road to Perdition,2002,117,80,7.7,30526,Drama,R_rated
Rob Roy,1995,133,28,6.8,6652,Action,R_rated
Robots,2005,91,75,6.4,4089,Animation,Non_R_Rated
Rock 'n' Roll Frankenstein,1999,88,0.25,4.3,66,Comedy,R_rated
Rock Star,2001,105,38,5.8,5100,Comedy,R_rated
"Rock, The",1996,136,75,7,46184,Action,R_rated
Rollerball,2002,97,70,2.8,5328,Action,R_rated
Romeo + Juliet,1996,120,14.5,6.7,22306,Action,Non_R_Rated
Romeo Must Die,2000,115,25,5.8,10229,Action,R_rated
Ronin,1998,121,55,7,21982,Action,R_rated
"Room, The",2003,99,6,2.7,81,Comedy,R_rated
Rosewood,1997,140,31,6.8,1840,Action,R_rated
Rounders,1998,121,12,7.2,13621,Drama,R_rated
Route 666,2001,86,2.3,4,487,Action,R_rated
"Royal Tenenbaums, The",2001,111,21,7.6,31227,Comedy,R_rated
Rugrats Go Wild!,2003,81,25,4.8,423,Animation,Non_R_Rated
"Rules of Attraction, The",2002,110,4,6.7,8552,Comedy,R_rated
Rules of Engagement,2000,128,60,6.3,7903,Drama,R_rated
Runaway Bride,1999,116,70,5.4,12624,Comedy,Non_R_Rated
Runaway Jury,2003,127,60,7.1,10761,Drama,Non_R_Rated
"Rundown, The",2003,104,85,6.5,8067,Action,Non_R_Rated
Rush Hour,1998,93,35,6.7,18336,Action,Non_R_Rated
Rush Hour 2,2001,86,90,6.5,16581,Action,Non_R_Rated
Rushmore,1998,93,10,7.7,22209,Comedy,R_rated
Ryan's Daughter,1970,202,15,7.4,965,Drama,R_rated
S.W.A.T.,2003,117,80,5.9,12732,Action,Non_R_Rated
Sabrina,1995,127,58,6.1,7547,Comedy,Non_R_Rated
Safe Men,1998,88,1,6.1,590,Comedy,R_rated
Sahara,2005,124,130,5.8,3004,Action,Non_R_Rated
"Saint, The",1997,116,70,5.7,12591,Action,Non_R_Rated
Saints and Soldiers,2003,90,0.78,6.9,689,Action,Non_R_Rated
"Salton Sea, The",2002,107,18,7.2,5070,Drama,R_rated
Samsara,2001,138,3,7.6,636,Action,R_rated
"Sand Pebbles, The",1966,193,12,7.6,1773,Drama,Non_R_Rated
Santa sangre,1989,123,0.787,7.2,1165,Drama,R_rated
Saturn,1999,94,0.35,5.5,43,Drama,R_rated
Savage,1995,99,5,4.1,93,Action,R_rated
Save the Last Dance,2001,112,13,6.1,7613,Drama,Non_R_Rated
Saved!,2004,92,5,7.1,6504,Comedy,Non_R_Rated
Saving Private Ryan,1998,170,70,8.3,100267,Action,R_rated
Saving Silverman,2001,96,22,5.4,6684,Comedy,R_rated
Savior,1998,104,10,7.2,1775,Drama,R_rated
Say It Isn't So,2001,93,25,4.6,3144,Comedy,R_rated
"Scarlet Letter, The",1995,135,50,4.4,2426,Drama,R_rated
Scary Movie,2000,88,19,5.5,23293,Comedy,R_rated
Scary Movie 2,2001,83,45,4.2,12035,Comedy,R_rated
Scary Movie 3,2003,84,45,5.3,9225,Comedy,Non_R_Rated
Schindler's List,1993,195,25,8.8,97667,Drama,R_rated
"School of Rock, The",2003,108,20,7.4,16452,Comedy,Non_R_Rated
Scooby-Doo,2002,86,84,4.8,9618,Comedy,Non_R_Rated
"Score, The",2001,124,68,6.8,16106,Drama,R_rated
"Scorpion King, The",2002,92,60,5.3,10111,Action,Non_R_Rated
Screwed,2000,78,10,4.8,1592,Comedy,Non_R_Rated
Se7en,1995,127,30,8.4,88371,Drama,R_rated
Seabiscuit,2003,141,86,7.5,11552,Drama,Non_R_Rated
Search and Destroy,1995,90,4,5,402,Comedy,R_rated
Searching for Debra Winger,2002,97,0.6,5.6,301,Documentary,R_rated
Secondhand Lions,2003,120,30,7.4,5543,Comedy,Non_R_Rated
Secret Window,2004,96,40,6.3,13260,Drama,Non_R_Rated
Secrets & Lies,1996,136,4.5,7.9,7747,Comedy,R_rated
See Spot Run,2001,94,16,5,1193,Comedy,Non_R_Rated
Seed of Chucky,2004,87,12,5.1,1342,Comedy,R_rated
Selena,1997,127,20,6.1,2870,Drama,Non_R_Rated
Sense and Sensibility,1995,136,16.5,7.7,13904,Comedy,Non_R_Rated
Serendipity,2001,90,28,6.6,10795,Comedy,Non_R_Rated
Serial Mom,1994,95,13,6.3,4750,Comedy,R_rated
"Serpent's Kiss, The",1997,104,13,5.3,368,Drama,R_rated
Serving Sara,2002,99,29,4.6,2990,Comedy,Non_R_Rated
Session 9,2001,97,1.5,6.6,3718,Drama,R_rated
Set It Off,1996,123,9,6.1,1619,Action,R_rated
Seven Years in Tibet,1997,139,70,6.6,9426,Drama,Non_R_Rated
Sgt. Bilko,1996,93,39,5.1,3712,Comedy,Non_R_Rated
Shade,2003,101,6.8,6.5,1616,Drama,R_rated
Shadow Conspiracy,1997,103,45,4.5,1078,Action,R_rated
Shaft,2000,99,46,6,13742,Action,R_rated
Shakes the Clown,1992,87,1.4,5.5,838,Comedy,R_rated
Shakespeare in Love,1998,122,25,7.5,41999,Comedy,R_rated
Shall We Dance,2004,106,40,6,3479,Comedy,Non_R_Rated
Shallow Grave,1994,93,2.5,7.4,9401,Drama,R_rated
Shallow Hal,2001,113,40,6.1,13217,Comedy,Non_R_Rated
Shanghai Knights,2003,114,50,6.3,7279,Action,Non_R_Rated
Shanghai Noon,2000,110,55,6.7,12258,Action,Non_R_Rated
"Shape of Things, The",2003,96,4,6.9,1816,Drama,R_rated
Shark Tale,2004,90,75,5.9,7819,Action,Non_R_Rated
Shattered Glass,2003,95,6,7.5,4108,Drama,Non_R_Rated
Shaun of the Dead,2004,99,4,7.9,18685,Comedy,R_rated
"Shawshank Redemption, The",1994,142,25,9.1,149494,Drama,R_rated
She's All That,1999,95,10,5.5,13070,Comedy,Non_R_Rated
She's So Lovely,1997,100,18,5.7,2280,Comedy,R_rated
She's the One,1996,96,3.5,6,3779,Comedy,R_rated
Shine,1996,105,5.5,7.6,12425,Drama,Non_R_Rated
"Shipping News, The",2001,111,35,6.9,7695,Drama,R_rated
Shooting Fish,1997,103,3,6.6,2701,Comedy,Non_R_Rated
"Shot at Glory, A",2000,114,9,6.3,286,Drama,R_rated
Showgirls,1995,131,45,3.8,11483,Drama,Non_R_Rated
Showtime,2002,96,85,5.5,7689,Action,Non_R_Rated
Shrek,2001,90,60,8,65146,Animation,Non_R_Rated
Shrek 2,2004,92,75,7.8,27236,Animation,Non_R_Rated
"Shrink Is In, The",2001,87,6,4.9,319,Comedy,R_rated
Shutter,2001,24,0.015,3.5,12,Short,R_rated
Sidewalks of New York,2001,108,1,6.5,1998,Comedy,R_rated
Sideways,2004,123,16,8,17051,Comedy,R_rated
"Siege, The",1998,116,70,5.9,9725,Action,R_rated
Signs,2002,108,72,7.1,40285,Drama,Non_R_Rated
Silent Trigger,1996,90,15,4.7,432,Action,R_rated
Simon Birch,1998,113,20,6.8,4612,Comedy,Non_R_Rated
"Simple Plan, A",1998,121,17,7.6,15398,Drama,R_rated
"Simple Wish, A",1997,89,28,5,423,Comedy,Non_R_Rated
Simply Irresistible,1999,94,6,4.7,3083,Comedy,Non_R_Rated
Sin City,2005,124,45.5,8.3,23473,Action,R_rated
Sinbad: Legend of the Seven Seas,2003,86,60,6.5,2340,Animation,Non_R_Rated
"Singing Detective, The",2003,109,10,5.3,1184,Comedy,R_rated
"Singles Ward, The",2002,102,0.5,5.7,291,Comedy,Non_R_Rated
Siunin Wong Fei-hung tsi titmalau,1993,90,2,7.4,3173,Action,Non_R_Rated
Six-String Samurai,1998,91,2,6.2,1163,Action,Non_R_Rated
"Sixth Sense, The",1999,107,55,8.2,96987,Drama,Non_R_Rated
Skeletons in the Closet,2000,86,1.5,5.4,239,Drama,R_rated
Skin Deep,2003,89,0.4,3.8,31,Action,R_rated
"Skulls, The",2000,106,15,5.3,6530,Drama,Non_R_Rated
Sky Captain and the World of Tomorrow,2004,106,40,6.5,12579,Action,Non_R_Rated
Slackers,2002,86,11,4.7,2755,Comedy,R_rated
Slam,1998,100,1,7.1,569,Drama,R_rated
Slap Her... She's French,2002,92,10,4.7,811,Comedy,Non_R_Rated
"Slaughter Rule, The",2002,112,0.5,6,356,Drama,R_rated
Sleepers,1996,147,44,7,17896,Drama,R_rated
"Sleeping Dictionary, The",2003,109,12,6.1,696,Drama,R_rated
Sleepover,2004,89,10,4.1,733,Comedy,Non_R_Rated
Slums of Beverly Hills,1998,92,5,6.4,2914,Comedy,R_rated
Small Soldiers,1998,110,40,5.8,6938,Action,Non_R_Rated
Small Time Crooks,2000,94,18,6.5,6218,Comedy,Non_R_Rated
"Smile Like Yours, A",1997,98,18,4.5,348,Comedy,R_rated
Smilla's Sense of Snow,1997,120,35,6.3,3722,Action,R_rated
Smoke,1995,112,7,7.4,8111,Comedy,R_rated
Smoke Signals,1998,88,2,7.2,2665,Comedy,Non_R_Rated
Snatch.,2000,102,10,7.9,44785,Comedy,R_rated
Snitch,1998,90,11,6.2,412,Action,R_rated
Snow Day,2000,89,13,4.6,1645,Comedy,Non_R_Rated
Snow Dogs,2002,99,35,5.1,2379,Comedy,Non_R_Rated
Snow Falling on Cedars,1999,127,36,6.7,4536,Drama,Non_R_Rated
Soho Square,2000,79,0.007,4.9,45,Drama,R_rated
Sol Goode,2001,99,3,5.4,291,Comedy,R_rated
Solaris,2002,99,47,6.3,11808,Drama,Non_R_Rated
Soldier,1998,98,75,5.2,5590,Action,R_rated
Solitaire for 2,1995,106,1.5,4.8,122,Comedy,R_rated
Someone Like You...,2001,97,23,5.7,4249,Comedy,Non_R_Rated
Son of the Mask,2005,94,74,1.9,1785,Action,Non_R_Rated
Songcatcher,2000,109,1.8,7.2,927,Drama,Non_R_Rated
Sons of Provo,2004,93,0.2,4.3,35,Comedy,Non_R_Rated
Sorority Boys,2002,93,12,5.1,2398,Comedy,R_rated
Soul Assassin,2001,96,7,4,376,Action,R_rated
Soul Food,1997,114,7.5,6.5,1166,Comedy,R_rated
Soul Plane,2004,92,16,3.2,2361,Comedy,R_rated
South Park: Bigger Longer & Uncut,1999,81,21,7.6,33188,Animation,R_rated
Space Jam,1996,87,80,5.2,7995,Animation,Non_R_Rated
Space Truckers,1996,95,25,4.5,1460,Comedy,Non_R_Rated
Spanglish,2004,130,80,6.7,4698,Comedy,Non_R_Rated
Spanish Judges,1999,98,3.5,4.8,178,Drama,R_rated
Spawn,1997,98,40,4.6,7523,Action,Non_R_Rated
Species,1995,108,35,5.4,8963,Action,R_rated
Speed,1994,116,28,7.1,32979,Action,R_rated
Speed 2: Cruise Control,1997,121,110,3.3,13268,Action,Non_R_Rated
Speedway Junky,1999,105,1,5.3,469,Drama,R_rated
Spice World,1997,93,25,3,7710,Comedy,Non_R_Rated
Spider,2002,94,8,6.8,5193,Drama,R_rated
Spider-Man,2002,121,139,7.4,63228,Action,Non_R_Rated
Spider-Man 2,2004,127,200,7.9,40256,Action,Non_R_Rated
"SpongeBob SquarePants Movie, The",2004,90,30,6.5,2672,Animation,Non_R_Rated
Spring Forward,1999,110,2,7.1,307,Drama,R_rated
Spun,2002,106,2.8,6.2,3924,Comedy,R_rated
Spy Game,2001,126,92,7,16736,Action,R_rated
Spy Hard,1996,81,18,4.5,4686,Action,Non_R_Rated
Spy Kids 2: Island of Lost Dreams,2002,99,39,5.8,3175,Action,Non_R_Rated
Spy Kids 3-D: Game Over,2003,84,39,4.7,2597,Action,Non_R_Rated
"Stand-In, The",1999,100,0.4,5.6,42,Drama,Non_R_Rated
Star Trek: First Contact,1996,106,45,7.3,25046,Action,Non_R_Rated
Star Trek: Insurrection,1998,103,58,6.3,13395,Action,Non_R_Rated
Star Trek: Nemesis,2002,116,70,6.5,11785,Action,Non_R_Rated
Star Trek: The Wrath of Khan,1982,116,11,7.6,16333,Action,Non_R_Rated
Star Wars,1977,125,11,8.8,134640,Action,Non_R_Rated
Star Wars: Episode I - The Phantom Menace,1999,133,115,6.4,84488,Action,Non_R_Rated
Star Wars: Episode II - Attack of the Clones,2002,120,120,7,63889,Action,Non_R_Rated
Star Wars: Episode V - The Empire Strikes Back,1980,129,18,8.8,103706,Action,Non_R_Rated
Star Wars: Episode VI - Return of the Jedi,1983,135,32.5,8.1,82471,Action,Non_R_Rated
Stark Raving Mad,2002,102,5,6.2,601,Comedy,R_rated
Starkweather,2004,92,1,4.6,89,Drama,R_rated
Starship Troopers,1997,129,95,6.7,32618,Action,R_rated
Starsky & Hutch,2004,101,60,6.3,13529,Action,Non_R_Rated
"Statement, The",2003,120,23,6.1,710,Drama,R_rated
Stateside,2004,97,16,5.4,247,Drama,R_rated
"Station Agent, The",2003,88,0.5,8.1,7112,Drama,R_rated
Steal Big Steal Little,1995,135,35,4.6,263,Comedy,Non_R_Rated
Stealing Harvard,2002,82,25,4.7,2547,Comedy,Non_R_Rated
Steamboy,2004,126,20,6.6,529,Action,Non_R_Rated
Steel,1997,97,16,2.6,1607,Action,Non_R_Rated
"Stepford Wives, The",2004,93,90,5.3,7773,Comedy,Non_R_Rated
Stepmom,1998,124,50,6.1,7470,Comedy,Non_R_Rated
Stigmata,1999,103,32,6,14062,Drama,R_rated
Stolen Summer,2002,91,1.5,6.2,801,Drama,Non_R_Rated
"Story of Us, The",1999,95,50,5.6,4953,Comedy,R_rated
Strange Days,1995,145,42,6.9,11869,Action,R_rated
Strangers on a Train,1951,103,1.2,8.3,10624,Drama,Non_R_Rated
Stripes,1981,106,10,6.8,7406,Comedy,R_rated
Striptease,1996,117,50,3.8,7998,Comedy,R_rated
Stuart Little,1999,81,103,6,8009,Comedy,Non_R_Rated
Stuart Little 2,2002,82,120,5.9,2324,Comedy,Non_R_Rated
Sugar & Spice,2001,84,11,5.3,2901,Comedy,Non_R_Rated
Sugar Town,1999,92,0.25,5.8,307,Comedy,R_rated
Suicide Kings,1997,106,5,7,6117,Comedy,R_rated
"Sum of All Fears, The",2002,123,68,6.6,15835,Action,Non_R_Rated
Summer Catch,2001,105,17,4.5,2581,Comedy,Non_R_Rated
Summer of Sam,1999,142,22,6.5,8151,Drama,R_rated
Sunshine State,2002,141,5.6,7,1481,Drama,Non_R_Rated
Super Size Me,2004,100,0.3,7.7,9487,Documentary,Non_R_Rated
Super Troopers,2001,100,3,6.3,7728,Comedy,R_rated
Superman,1978,151,55,7.1,17327,Action,Non_R_Rated
Superstar,1999,81,14,4.5,2880,Comedy,Non_R_Rated
Surviving Picasso,1996,125,16,6.1,1139,Drama,R_rated
Suspect Zero,2004,99,27,5.7,1310,Drama,R_rated
Sweepers,1999,93,12.5,3.9,276,Action,R_rated
Sweet Home Alabama,2002,108,38,5.8,9943,Comedy,Non_R_Rated
Sweet November,2001,115,40,5.5,5458,Comedy,Non_R_Rated
"Sweetest Thing, The",2002,90,43,4.7,8284,Comedy,R_rated
Swept Away,2002,89,10,3.8,2113,Comedy,R_rated
Swimfan,2002,85,8.5,4.5,3863,Drama,Non_R_Rated
Swimming with Sharks,1994,101,0.7,7.1,4837,Comedy,R_rated
Swingers,1996,96,0.2,7.6,15827,Comedy,R_rated
Swiri,1999,125,5,6.6,1704,Action,R_rated
Switchback,1997,118,38,6.1,2195,Action,R_rated
Swordfish,2001,99,80,6.2,20455,Action,R_rated
THX 1138,1971,88,0.777,6.5,4274,Drama,R_rated
Tadpole,2002,78,0.15,6.3,1769,Comedy,Non_R_Rated
Taegukgi hwinalrimyeo,2004,140,12.8,8.5,1792,Action,R_rated
"Tailor of Panama, The",2001,109,18,6.1,5997,Comedy,R_rated
"Talented Mr. Ripley, The",1999,139,40,7,25974,Drama,R_rated
Tales from the Hood,1995,98,6,5.1,548,Action,R_rated
Tank Girl,1995,104,25,4.6,4400,Action,R_rated
Tart,2001,94,3.3,4.6,714,Drama,R_rated
Tarzan and the Lost City,1998,83,20,3.6,510,Action,Non_R_Rated
"Taxman, The",1999,104,1,5.7,169,Action,R_rated
Tea with Mussolini,1999,117,12,6.7,2711,Comedy,Non_R_Rated
Teacher's Pet,2004,74,10,5.6,218,Animation,Non_R_Rated
Teaching Mrs. Tingle,1999,96,13,5,5244,Comedy,Non_R_Rated
Team America: World Police,2004,98,30,7.3,13104,Action,R_rated
Tears of the Sun,2003,121,70,6.2,8690,Action,R_rated
Ted Bundy,2002,99,1.2,5.2,852,Drama,R_rated
"Terminal, The",2004,128,60,7.1,15809,Comedy,Non_R_Rated
Terminator 2: Judgment Day,1991,154,100,8.2,77614,Action,R_rated
Terminator 3: Rise of the Machines,2003,109,175,6.9,32111,Action,R_rated
Terror Tract,2000,96,11,5.6,281,Comedy,R_rated
"Texas Chainsaw Massacre, The",2003,98,9.2,5.9,9587,Action,R_rated
Texas Rangers,2001,86,38,5.1,945,Drama,Non_R_Rated
Theodore Rex,1995,92,33,2.2,567,Comedy,Non_R_Rated
There Goes My Baby,1994,110,10.5,6.1,253,Comedy,R_rated
There's Something About Mary,1998,134,23,7.2,46343,Comedy,R_rated
"Thin Line Between Love and Hate, A",1996,108,8,4.4,458,Comedy,R_rated
"Thin Red Line, The",1998,170,52,7.2,25637,Action,R_rated
Things to Do in Denver When You're Dead,1995,115,8,6.6,5703,Drama,R_rated
Thir13en Ghosts,2001,87,20,5.1,8292,Comedy,R_rated
Thirteen,2003,100,1.5,7.1,8652,Drama,R_rated
Thirteen Conversations About One Thing,2001,104,3,7.2,2883,Drama,R_rated
Thirteen Days,2000,145,80,7.4,10926,Drama,Non_R_Rated
"Thomas Crown Affair, The",1999,113,48,6.7,17220,Comedy,R_rated
Three Kings,1999,114,48,7.3,31503,Action,R_rated
Three to Tango,1999,98,20,6,5719,Comedy,Non_R_Rated
Thunderbirds,2004,95,57,4.4,1419,Action,Non_R_Rated
Time Changer,2002,95,0.825,4.5,304,Drama,Non_R_Rated
"Time Machine, The",2002,96,80,5.5,12424,Action,Non_R_Rated
"Time to Kill, A",1996,149,40,6.9,15577,Drama,R_rated
Timecode,2000,97,4,6.2,2320,Comedy,R_rated
Tin Cup,1996,135,45,6.2,7521,Comedy,R_rated
Titan A.E.,2000,94,75,6.4,9373,Action,Non_R_Rated
Titanic,1997,194,200,6.9,90195,Drama,Non_R_Rated
Tomcats,2001,95,11,4.7,3717,Comedy,R_rated
Tomorrow Never Dies,1997,119,110,6.4,19397,Action,Non_R_Rated
Torque,2004,81,40,3.2,4050,Action,Non_R_Rated
"Touch, The",2002,103,20,4.5,417,Action,Non_R_Rated
Town & Country,2001,104,90,4.5,1434,Comedy,R_rated
Traffic,2000,147,48,7.8,41268,Drama,R_rated
Training Day,2001,120,45,7.3,22776,Drama,R_rated
Trainspotting,1996,94,3.5,8,51887,Drama,R_rated
Treasure Planet,2002,95,140,6.6,3724,Animation,Non_R_Rated
Trees Lounge,1996,95,1.3,7.1,3155,Comedy,R_rated
Trekkies,1997,86,0.375,6.9,1526,Documentary,Non_R_Rated
"Trigger Effect, The",1996,94,8,5.4,1591,Action,R_rated
Triggermen,2002,96,12,5.8,317,Comedy,R_rated
"Triplettes de Belleville, Les",2003,78,8,7.7,6618,Animation,Non_R_Rated
"Triumph of Love, The",2001,112,5,5.7,423,Comedy,Non_R_Rated
Trois 3: The Escort,2004,95,1,4.8,38,Drama,R_rated
Tromeo and Juliet,1996,108,0.35,5.8,1030,Comedy,R_rated
Troy,2004,162,185,7.1,33979,Action,R_rated
"Truman Show, The",1998,103,60,7.7,62434,Comedy,Non_R_Rated
Tuck Everlasting,2002,96,15,6.5,2055,Drama,Non_R_Rated
Tumbleweeds,1999,102,0.312,6.9,1146,Comedy,Non_R_Rated
"Tuxedo, The",2002,98,60,5.1,6070,Action,Non_R_Rated
Twelve Monkeys,1995,129,29,7.9,62301,Drama,R_rated
Twin Falls Idaho,1999,111,0.5,7.1,1547,Drama,R_rated
Twin Peaks: Fire Walk with Me,1992,135,10,6.5,6927,Drama,R_rated
Twist,2003,97,0.35,6,197,Drama,R_rated
Twister,1996,113,92,5.9,28315,Action,Non_R_Rated
Two Can Play That Game,2001,93,6,5.8,843,Comedy,R_rated
Two Girls and a Guy,1997,84,1,5.6,2014,Comedy,Non_R_Rated
Two Weeks Notice,2002,101,60,5.8,15010,Comedy,Non_R_Rated
U Turn,1997,125,19,6.5,10306,Drama,R_rated
U-571,2000,116,62,6.5,15792,Action,Non_R_Rated
U.S. Marshals,1998,131,60,6.1,10315,Action,Non_R_Rated
Ultimo tango a Parigi,1972,250,1.25,6.9,4007,Drama,Non_R_Rated
Unbreakable,2000,106,75,7.1,35842,Drama,Non_R_Rated
Under Siege 2: Dark Territory,1995,99,60,4.9,5551,Action,R_rated
Under Suspicion,2000,111,25,6.4,3718,Drama,R_rated
Under the Tuscan Sun,2003,113,18,6.7,4183,Comedy,Non_R_Rated
Undercover Brother,2002,85,25,6,5138,Action,Non_R_Rated
Undisputed,2002,96,20,5.6,1769,Action,R_rated
Unfaithful,2002,125,50,6.6,8713,Drama,R_rated
Unmade Beds,1997,95,1,6.7,148,Documentary,R_rated
Unstoppable,2004,96,15,4.8,579,Action,R_rated
"Untold, The",2002,92,3,3.8,400,Action,R_rated
Up Close & Personal,1996,124,60,5.7,3201,Drama,Non_R_Rated
"Upside of Anger, The",2005,118,13.2,7.2,1160,Comedy,R_rated
Urban Ghost Story,1998,82,0.3,5.3,167,Drama,R_rated
Urbania,2000,106,0.225,6.9,1089,Drama,R_rated
Utomlyonnye solntsem,1994,132,2.8,7.6,2173,Drama,R_rated
Vampire in Brooklyn,1995,100,14,4.4,2716,Comedy,R_rated
Vampires,1998,106,20,5.6,7908,Action,R_rated
Van Helsing,2004,132,160,5.4,19787,Action,Non_R_Rated
Van Wilder,2002,94,6,5.8,7799,Comedy,R_rated
Vanilla Sky,2001,136,68,6.9,31250,Drama,R_rated
Vanity Fair,2004,141,23,6.1,2151,Drama,Non_R_Rated
Varsity Blues,1999,100,16,6,7974,Drama,R_rated
Vatel,2000,125,36,6.4,1322,Drama,Non_R_Rated
"Vault, The",2005,87,0.1,2.4,64,Action,Non_R_Rated
"Velocity of Gary, The",1998,100,4,4.7,570,Comedy,R_rated
Veronica Guerin,2003,92,17,6.8,2688,Drama,R_rated
Vertical Limit,2000,124,75,5.6,10273,Action,Non_R_Rated
Very Bad Things,1998,100,10,5.8,10001,Comedy,R_rated
"Very Brady Sequel, A",1996,90,15,5.3,2183,Comedy,Non_R_Rated
"Village, The",2004,108,60,6.6,25729,Drama,Non_R_Rated
"Violon rouge, Le",1998,140,10,7.8,6995,Drama,R_rated
"Virgin Suicides, The",1999,90,6,7.2,17524,Drama,R_rated
Virtuosity,1995,106,30,5.3,4183,Action,R_rated
Volcano,1997,104,90,5.2,8627,Action,Non_R_Rated
Vor,1997,110,2,7.2,841,Drama,R_rated
Wag the Dog,1997,97,15,7,16434,Comedy,R_rated
Waiting for Guffman,1996,84,4,7.6,7337,Comedy,R_rated
Waiting to Exhale,1995,127,15,5.1,1611,Comedy,R_rated
Waking Ned,1998,92,3,7.3,7232,Comedy,Non_R_Rated
"Walk in the Clouds, A",1995,102,20,6.2,4085,Drama,Non_R_Rated
"Walk on the Moon, A",1999,105,14,6.6,1815,Drama,R_rated
"Walk to Remember, A",2002,101,11,6.8,7124,Drama,Non_R_Rated
Walking Across Egypt,1999,100,4.5,6.9,247,Drama,Non_R_Rated
Walking Tall,2004,87,56,5.9,4839,Action,Non_R_Rated
Walking and Talking,1996,86,1,6.6,888,Comedy,R_rated
War and Peace,1956,208,6,6.6,795,Drama,Non_R_Rated
Warriors of Virtue,1997,101,35,3.6,389,Action,Non_R_Rated
"Waterboy, The",1998,90,23,5.5,15539,Comedy,Non_R_Rated
Waterworld,1995,176,175,5.4,19325,Action,Non_R_Rated
We Don't Live Here Anymore,2004,101,3,6.1,1387,Drama,R_rated
We Were Soldiers,2002,143,75,7.1,14939,Action,R_rated
"Wedding Date, The",2005,90,15,5,953,Comedy,Non_R_Rated
"Wedding Party, The",1969,92,0.043,5.2,94,Comedy,R_rated
"Wedding Planner, The",2001,103,35,4.9,7393,Comedy,Non_R_Rated
Welcome to Collinwood,2002,86,12,6.1,2831,Comedy,R_rated
Welcome to Mooseport,2004,117,26,5.3,2356,Comedy,Non_R_Rated
Welcome to Sarajevo,1997,103,9,6.8,1465,Drama,R_rated
Welcome to the Dollhouse,1995,88,0.8,7.4,5851,Comedy,R_rated
What Dreams May Come,1998,113,85,6.3,11706,Drama,Non_R_Rated
What Lies Beneath,2000,130,90,6.6,20584,Drama,Non_R_Rated
What Planet Are You From?,2000,104,50,5.6,2574,Comedy,R_rated
What Women Want,2000,127,65,6.4,20138,Comedy,Non_R_Rated
What a Girl Wants,2003,105,20,5.7,3533,Comedy,Non_R_Rated
What's the Worst That Could Happen?,2001,97,45,5,2531,Comedy,Non_R_Rated
Whatever It Takes,2000,94,15,5.2,1771,Comedy,Non_R_Rated
When Zachary Beaver Came to Town,2003,85,3,7.9,35,Drama,Non_R_Rated
Where the Heart Is,2000,120,15,6.4,5042,Comedy,Non_R_Rated
Where the Money Is,2000,89,18,6.2,1461,Comedy,Non_R_Rated
Where's Marlowe?,1998,97,3.5,6.2,188,Comedy,R_rated
While You Were Sleeping,1995,103,17,6.5,13035,Comedy,Non_R_Rated
Whipped,2000,82,3,4.4,1562,Comedy,R_rated
White Oleander,2002,109,16,6.9,4545,Drama,Non_R_Rated
White Squall,1996,129,38,6.4,3445,Drama,Non_R_Rated
"Whole Ten Yards, The",2004,98,40,4.8,4133,Comedy,Non_R_Rated
"Whole Wide World, The",1996,111,1.3,7.4,956,Drama,Non_R_Rated
Wicked Spring,2002,102,0.5,5.6,158,Drama,Non_R_Rated
Wicker Park,2004,114,30,6.4,3143,Drama,Non_R_Rated
Wide Awake,1998,88,7,6,655,Comedy,Non_R_Rated
"Wild Angels, The",1966,93,0.36,4.7,212,Action,R_rated
"Wild Ride, The",1960,88,0.03,3.8,56,Drama,Non_R_Rated
"Wild Thornberrys Movie, The",2002,85,35,4.7,4008,Animation,Non_R_Rated
Wild Wild West,1999,107,170,4,19078,Action,Non_R_Rated
Wild in the Streets,1968,94,1,5.9,329,Drama,R_rated
Wilde,1997,118,10,6.9,2545,Drama,R_rated
Willard,2003,100,22,6.2,2913,Comedy,Non_R_Rated
Wimbledon,2004,98,31,6.3,4297,Comedy,Non_R_Rated
Win a Date with Tad Hamilton!,2004,95,24,5.8,2933,Comedy,Non_R_Rated
Wind River,1998,97,5.5,5.4,97,Drama,Non_R_Rated
Windtalkers,2002,153,115,5.9,9081,Action,R_rated
Wing Commander,1999,96,30,3.7,4854,Action,Non_R_Rated
Wisegirls,2002,96,11,5.7,792,Drama,R_rated
Without Limits,1998,117,25,6.8,1249,Drama,Non_R_Rated
Without a Paddle,2004,95,19,5.4,3605,Comedy,Non_R_Rated
Wo hu cang long,2000,120,15,8.2,52198,Action,Non_R_Rated
Woman on Top,2000,92,8,5.3,2094,Comedy,R_rated
Wonder Boys,2000,111,35,7.6,15668,Comedy,R_rated
Woo,1998,84,13,3.5,407,Comedy,R_rated
"Wood, The",1999,102,6,6.2,1170,Comedy,R_rated
"Work and the Glory, The",2004,118,7.5,6.3,180,Drama,Non_R_Rated
"World Is Not Enough, The",1999,128,135,6.3,24205,Action,Non_R_Rated
World Traveler,2001,103,2,5.4,350,Drama,R_rated
"X Files, The",1998,121,66,6.7,18314,Action,Non_R_Rated
X-Men,2000,104,75,7.3,45332,Action,Non_R_Rated
X2,2003,133,110,7.9,38191,Action,Non_R_Rated
"Yards, The",2000,115,20,6.3,3386,Drama,R_rated
Ying xiong,2002,93,30,8.1,24128,Action,Non_R_Rated
Yo puta,2004,76,6,4.3,151,Drama,R_rated
You Can Count on Me,2000,111,1.2,7.8,7630,Drama,R_rated
You Got Served,2004,95,8,1.9,6041,Drama,Non_R_Rated
You've Got Mail,1998,119,65,6.2,20053,Comedy,Non_R_Rated
Your Friends & Neighbors,1998,100,5,6.4,2659,Comedy,R_rated
Zero Effect,1998,116,5,7,4820,Comedy,R_rated
Zoolander,2001,89,28,6.1,18277,Comedy,Non_R_Rated
xXx,2002,132,85,5.5,18514,Action,Non_R_Rated
xXx: State of the Union,2005,101,87,3.9,1584,Action,Non_R_Rated